time,theta,u,v,timestep_counter,drone,grid_x,grid_y,grid_z,seconds_after_takeoff,wind_speed,wind_dir
01:00:05,274.99,-0.19449016,2.8623464,5,drone90,52,125,4,5,2.8689463808042466,1.638639852741746
01:00:10,275.1395,0.06843715,3.08761,6,drone90,52,125,5,10,3.088368364622349,1.5486348667075882
01:00:15,275.31134,0.26590872,3.307138,5,drone90,52,120,7,15,3.3178109045598183,1.4905644435857717
01:00:20,275.31317,0.32123217,3.442454,5,drone90,57,119,9,20,3.4574093840849844,1.4777508955056833
01:00:25,275.1414,0.32822838,3.5109332,6,drone90,60,124,10,25,3.526242448315156,1.4775797614308246
01:00:30,274.95523,0.30579448,3.5168166,5,drone90,60,131,10,30,3.5300862966836983,1.4840624073483593
01:00:35,274.9026,0.23403478,3.4582696,5,drone90,62,136,10,35,3.4661795834223317,1.5032253994609146
01:00:40,274.9444,0.16803722,3.3243954,4,drone90,63,143,10,40,3.3286395543594813,1.5202926084272859
01:00:45,275.05478,0.22029951,3.1294923,5,drone90,64,149,10,45,3.13723667099974,1.5005176119652734
01:00:50,275.28134,0.42432362,2.978907,5,drone90,66,156,10,50,3.008976146322683,1.4293054287208982
01:00:55,275.5583,0.6425537,3.0038233,5,drone90,67,163,10,55,3.071779561590737,1.3600603759052738
01:01:00,275.7214,0.7701986,3.100059,5,drone90,68,169,10,60,3.1943030048702266,1.3272803782136036
01:01:05,275.63852,0.781613,3.1277328,5,drone90,70,175,10,65,3.223915530835887,1.3259140184347924
01:01:10,275.31955,0.7267012,3.0505953,5,drone90,71,181,10,70,3.1359570020112724,1.3369386827504668
01:01:15,274.98083,0.7162915,2.9355552,6,drone90,72,188,10,75,3.021681294448389,1.3314674916209475
01:01:20,274.90036,0.76501215,2.8872414,4,drone90,73,194,10,80,2.9868723594291042,1.3117851665485434
01:01:25,274.96857,0.7944025,2.8731575,5,drone90,74,199,10,85,2.980957791014911,1.3010443740224682
01:01:30,275.02045,0.7784514,2.8249564,4,drone90,75,205,10,90,2.93025003098079,1.3019074525471543
01:01:35,275.02255,0.73173743,2.7316163,5,drone90,76,211,10,95,2.827926320979508,1.3090642111349906
01:01:40,275.00714,0.68216723,2.6141856,5,drone90,78,217,10,100,2.7017250935158508,1.3155402403841574
01:01:45,274.9982,0.6427735,2.4985461,5,drone90,79,222,10,105,2.5799012357312168,1.3189974077450701
01:01:50,274.99774,0.5901817,2.3801436,5,drone90,81,228,10,110,2.452223072160412,1.3277380715918756
01:01:55,275.00385,0.49317092,2.2755566,5,drone90,85,228,10,115,2.3283847182407817,1.3573715831955067
01:02:00,275.0156,0.3544874,2.2325869,4,drone90,87,224,10,120,2.260554264513544,1.4133320386591546
01:02:05,275.0336,0.18185154,2.2809844,5,drone90,87,220,10,125,2.2882219769165166,1.4912395726653322
01:02:10,275.0559,0.013650378,2.4227693,5,drone90,87,215,10,130,2.422807754206271,1.5651621817847383
01:02:15,275.07437,-0.074612185,2.5864494,5,drone90,87,210,10,135,2.5875253577329116,1.5996356687430158
01:02:20,275.0874,-0.07630579,2.7137914,5,drone90,87,205,10,140,2.714863962761575,1.5989067004114617
01:02:25,275.0967,-0.025309578,2.7938075,5,drone90,87,200,10,145,2.793922139536961,1.5798552493085243
01:02:30,275.09955,0.030668378,2.839318,5,drone90,87,196,10,150,2.8394836246284556,1.5599954283376647
01:02:35,275.09613,0.076052144,2.8410425,5,drone90,87,190,10,155,2.842060241341349,1.5440336205435603
01:02:40,275.11703,0.15859373,2.7540338,5,drone90,87,185,10,160,2.75859640809194,1.5132738768574816
01:02:45,275.20886,0.31196734,2.5953822,4,drone90,87,180,10,165,2.6140643422271603,1.4511693331784326
01:02:50,275.39142,0.533176,2.4123375,5,drone90,87,174,10,170,2.4705563869060447,1.3532728584827494
01:02:55,275.59735,0.8259219,2.247124,5,drone90,88,168,10,175,2.3940996755096915,1.2185764495099871
01:03:00,275.64484,1.163562,2.1936848,5,drone90,87,163,10,180,2.483169251097283,1.0831142827252966
01:03:05,275.37006,1.3951337,2.3954513,5,drone90,87,158,10,185,2.772108398231819,1.0434114074231466
01:03:10,274.92697,1.3569424,2.7311924,5,drone90,88,154,10,190,3.049705658376808,1.1096867339839473
01:03:15,274.7961,1.269841,2.7747788,4,drone90,88,149,10,195,3.0515395383659114,1.1416097813247186
01:03:20,274.8794,1.3213346,2.5678868,5,drone90,87,145,10,200,2.887900230750952,1.095567828260135
01:03:25,274.9284,1.4158201,2.384641,4,drone90,87,141,10,205,2.773275906657145,1.0350038449335965
01:03:30,274.94116,1.4679463,2.3019958,5,drone90,87,137,10,210,2.730210798253741,1.0031277563115157
01:03:35,274.9556,1.5278022,2.2630734,5,drone90,88,133,10,215,2.7305092521565277,0.9769775551928319
01:03:40,274.97083,1.6513535,2.2395191,5,drone90,88,128,10,220,2.7825193945823736,0.9354277433243761
01:03:45,274.99127,1.8014903,2.224008,4,drone90,88,124,10,225,2.862093444501435,0.8899756006647337
01:03:50,275.02847,1.939469,2.2194276,5,drone90,88,120,10,230,2.9474393757298487,0.8526123564257277
01:03:55,275.09122,2.0297396,2.236015,5,drone90,88,115,10,235,3.019868527607313,0.8337166593078784
01:04:00,275.15726,2.0401223,2.26551,5,drone90,88,111,10,240,3.048710310780165,0.8376976053778646
01:04:05,275.1916,2.0228355,2.3337696,5,drone90,88,107,10,245,3.088420956726011,0.8566480832557097
01:04:10,275.20728,2.0411887,2.5659022,5,drone90,88,102,10,250,3.2787658362518863,0.8988020943411588
01:04:15,275.27887,2.0416996,3.0352516,5,drone90,88,98,10,255,3.6580444956209486,0.9786543153540501
01:04:20,275.44586,1.8724041,3.5288043,5,drone90,88,93,10,260,3.9947912212524077,1.0829649013595049
01:04:25,275.62915,1.5238981,3.6778712,5,drone90,88,89,10,265,3.981080504457684,1.1779872524420378
01:04:30,275.6971,1.2207675,3.46588,5,drone90,88,84,10,270,3.6745880671792652,1.2321412362536197
01:04:35,275.58157,1.1814792,3.3533483,5,drone90,88,79,10,275,3.5553956068411754,1.2320488868851314
01:04:40,275.35806,1.3055387,3.608171,5,drone90,88,75,10,280,3.837099068624459,1.2236230739622096
01:04:45,275.15964,1.3593464,3.845946,6,drone90,88,70,10,285,4.079108146410065,1.2310520658867183
01:04:50,275.08392,1.2409755,3.7313771,5,drone90,88,64,10,290,3.932326951565022,1.2497253482824844
01:04:55,275.05005,1.0379374,3.464862,5,drone90,88,59,10,295,3.6169853089780113,1.2797423665173424
01:05:00,274.9854,0.8709091,3.2204118,5,drone90,88,54,10,300,3.3360957453349642,1.3066799515249468
01:05:05,274.935,0.76164174,3.046534,5,drone90,88,49,10,305,3.1402973670125935,1.3258151180574522
01:05:10,274.91824,0.67173964,2.9143314,6,drone90,88,44,10,310,2.9907460027513686,1.3442575910854506
01:05:15,274.9206,0.6126434,2.8195674,5,drone90,88,39,10,315,2.885358254828388,1.3568392871914527
01:05:20,274.9234,0.5816244,2.7559094,5,drone90,88,34,10,320,2.8166156222821246,1.3628022651612763
01:05:25,274.9186,0.5456047,2.6802607,6,drone90,88,29,10,325,2.735229772546829,1.3699761646893895
01:05:30,274.907,0.49385732,2.5655322,5,drone90,88,24,10,330,2.612632871598002,1.380625463344444
01:05:35,274.89835,0.44589582,2.4215875,5,drone90,88,20,10,335,2.4622975251682564,1.3887023407007817
01:05:40,274.90253,0.4092887,2.2748027,5,drone90,88,15,10,340,2.311329609526729,1.3927782397009993
01:05:45,274.9315,0.36139727,2.179754,6,drone90,86,11,10,345,2.2095102369709565,1.4064936645509558
01:05:50,274.98453,0.28719693,2.2014332,5,drone90,80,10,10,350,2.220087883545078,1.441069907696237
01:05:55,275.04272,0.23145458,2.2945507,5,drone90,74,10,10,355,2.306194731039308,1.470264960053191
01:06:00,275.0963,0.24495788,2.3995736,5,drone90,72,14,10,360,2.412044324798169,1.4690648154880162
01:06:05,275.18237,0.35572183,2.5246172,4,drone90,73,20,10,365,2.549554868378868,1.430816526832566
01:06:10,275.391,0.5818542,2.7402198,5,drone90,74,26,10,370,2.801313774351185,1.3615654479959414
01:06:15,275.6312,0.86460364,3.0161695,5,drone90,73,32,10,375,3.137645280625504,1.291626072738877
01:06:20,275.56976,0.9981491,3.207674,5,drone90,73,38,10,380,3.3593859730770457,1.2691187059069104
01:06:25,275.26318,0.95525026,3.3401756,5,drone90,73,44,10,385,3.4740863688264034,1.2922435961361574
01:06:30,275.12167,0.9183362,3.452721,5,drone90,73,50,10,390,3.57276135224163,1.3108401360382578
01:06:35,275.13873,0.91398335,3.5004573,5,drone90,73,56,10,395,3.617812443065631,1.3153944655370777
01:06:40,275.06927,0.8880394,3.4879315,5,drone90,73,63,10,400,3.5992054851931714,1.3214897179586824
01:06:45,274.95657,0.83706987,3.4480286,5,drone90,73,69,10,405,3.548180828774061,1.3326360598518434
01:06:50,274.9058,0.74124813,3.4174345,6,drone90,73,75,10,410,3.496899677145278,1.3572029837704198
01:06:55,274.92157,0.67498726,3.4185016,5,drone90,73,81,10,415,3.484502976087819,1.3758527283529647
01:07:00,274.94415,0.6870664,3.4356155,5,drone90,73,87,10,420,3.5036429757966507,1.3734166358348254
01:07:05,274.94943,0.73611754,3.4345756,5,drone90,73,93,10,425,3.512574352922798,1.359664841493931
01:07:10,274.94153,0.7982943,3.3797483,6,drone90,73,98,10,430,3.472747091391105,1.338848102599476
01:07:15,274.93265,0.8491934,3.2833266,5,drone90,73,104,10,435,3.39136594794356,1.3177043425624753
01:07:20,274.9305,0.8625535,3.1818824,5,drone90,73,110,10,440,3.296721727381917,1.3060755667038109
01:07:25,274.93912,0.85196865,3.0801315,5,drone90,73,116,10,445,3.195787952583067,1.300941928038764
01:07:30,274.95895,0.8433469,2.9714239,6,drone90,73,122,10,450,3.088785196032709,1.294249683030472
01:07:35,274.99023,0.8564123,2.8701692,5,drone90,73,128,10,455,2.995215061430469,1.2808228450171288
01:07:40,275.05878,0.8951304,2.777505,6,drone90,73,134,10,460,2.9181830747965694,1.2590278140291415
01:07:45,275.195,0.95696694,2.6976502,6,drone90,72,141,10,465,2.8623595731167324,1.22990422120726
01:07:50,275.33762,1.0432098,2.664145,5,drone90,72,148,10,470,2.861110845081162,1.1975748176700636
01:07:55,275.3962,1.1280714,2.670826,6,drone90,72,154,10,475,2.8992855336744534,1.171157128977077
01:08:00,275.32895,1.1327667,2.6979334,6,drone90,72,161,10,480,2.926090399742368,1.1732834465076944
01:08:05,275.2579,1.0450076,2.7481408,5,drone90,72,168,10,485,2.9401222322689917,1.2074222768929754
01:08:10,275.3048,0.9007804,2.7917228,5,drone90,72,174,10,490,2.933448741850452,1.2586813186626449
01:08:15,275.4761,0.6389885,2.767953,5,drone90,72,180,10,495,2.840751681041701,1.3439185480810405
01:08:20,275.6552,0.2353984,2.6878862,6,drone90,72,187,10,500,2.698174314397237,1.4834416861126378
01:08:25,275.66708,-0.1130486,2.6582818,5,drone90,72,193,10,505,2.6606845198507094,1.613297660871047
01:08:30,275.58008,-0.17864314,2.6880753,5,drone90,72,200,10,510,2.694004860786103,1.637156385701756
01:08:35,275.57898,0.00480617,2.6746898,5,drone90,72,207,10,515,2.6746941181178285,1.568999421289381
01:08:40,275.65128,0.22899088,2.5738325,4,drone90,72,213,10,520,2.5839989475964233,1.4820611257153002
01:08:45,275.70502,0.34672517,2.4186325,5,drone90,72,220,10,525,2.443358654305131,1.4284105522327035
01:08:50,275.72134,0.2934381,2.2913477,5,drone90,71,226,10,530,2.31006064873347,1.4434260687517577
01:08:55,275.73325,0.11828084,2.2955494,5,drone90,66,227,10,535,2.2985946586885357,1.5193156964677605
01:09:00,275.76593,-0.06729191,2.4064176,4,drone90,61,227,10,540,2.407358275525521,1.5987525628185324
01:09:05,275.8452,-0.19244333,2.5797,5,drone90,56,226,10,545,2.586868091971736,1.6452575172873756
01:09:10,275.95905,-0.17627136,2.894836,4,drone90,56,222,10,550,2.900197762093518,1.6316128926030338
01:09:15,275.8873,-0.0074977456,3.522943,5,drone90,57,218,10,555,3.522950978574366,1.5729245855489236
01:09:20,275.44327,0.16168588,4.187688,4,drone90,57,214,10,560,4.190808168973542,1.5322056750821211
01:09:25,275.0152,0.21755275,4.362986,5,drone90,57,209,10,565,4.368406578516767,1.5209743207836866
01:09:30,274.94412,0.16922256,4.0823913,4,drone90,57,205,10,570,4.085897086458327,1.5293682213176671
01:09:35,274.95514,0.032726444,3.6247246,5,drone90,57,201,10,575,3.6248723351287895,1.5617679016309989
01:09:40,274.91733,-0.08597736,3.2048206,4,drone90,57,196,10,580,3.205973671853362,1.5976174045469493
01:09:45,274.93576,-0.10031166,2.9461722,5,drone90,57,192,10,585,2.94787941768058,1.6048313108996322
01:09:50,274.99612,-0.06479215,2.7996376,5,drone90,57,187,10,590,2.800387243585319,1.5939352452541993
01:09:55,275.03253,-0.050218426,2.7369726,4,drone90,57,183,10,595,2.7374332692251473,1.5891424336236835
01:10:00,275.05383,-0.039673544,2.7346032,5,drone90,57,178,10,600,2.734890976171401,1.5853032800667455
01:10:05,275.0897,-0.01187173,2.806928,5,drone90,57,174,10,605,2.806953105265065,1.5750257403078152
01:10:10,275.1542,0.0011007611,2.9308822,5,drone90,57,169,10,610,2.930882406708232,1.570420753512476
01:10:15,275.26462,-0.055076253,3.0561504,6,drone90,57,164,10,615,3.056646636604349,1.5888158233952794
01:10:20,275.4081,-0.1585507,3.136302,5,drone90,57,160,10,620,3.1403070804738973,1.6213067177844884
01:10:25,275.49258,-0.23994756,3.2046018,5,drone90,57,154,10,625,3.2135723934763307,1.6455328035439765
01:10:30,275.43048,-0.2764656,3.3017235,4,drone90,57,149,10,630,3.3132780291481136,1.6543351735535294
01:10:35,275.24448,-0.28462902,3.4205468,5,drone90,57,144,10,635,3.432368583065694,1.6538166195112343
01:10:40,275.08685,-0.30325216,3.5234427,5,drone90,58,139,10,640,3.536468624592611,1.6566517565943712
01:10:45,275.0574,-0.37270936,3.5834632,5,drone90,57,133,10,645,3.602793467961472,1.6744318446015987
01:10:50,275.03445,-0.47623032,3.6086974,5,drone90,57,128,10,650,3.639985198109199,1.7020055200618245
01:10:55,274.9925,-0.5691696,3.532489,5,drone90,58,123,10,655,3.5780487096579834,1.7305475726671684
01:11:00,274.98068,-0.6345893,3.3180878,5,drone90,58,117,10,660,3.378225899519351,1.7597658996113825
01:11:05,275.00708,-0.7268078,3.0369537,6,drone90,58,112,10,665,3.122713139896864,1.8056995015453516
01:11:10,275.0461,-0.8879806,2.8878253,5,drone90,58,107,10,670,3.0212653821365065,1.8691114489682832
01:11:15,275.07608,-1.0774913,2.9300258,6,drone90,58,103,10,675,3.1218646175389044,1.9231880096432974
01:11:20,275.09494,-1.1710238,3.0808506,6,drone90,58,98,10,680,3.295897018974774,1.934028585087459
01:11:25,275.12134,-1.0189635,3.2328584,6,drone90,58,94,10,685,3.389640106085425,1.8761296705424257
01:11:30,275.1709,-0.6503025,3.3158083,6,drone90,57,88,10,690,3.3789758838818513,1.7644601426189759
01:11:35,275.22235,-0.34391868,3.2743065,5,drone90,58,83,10,695,3.292318805096978,1.6754481756030657
01:11:40,275.2616,-0.22803743,3.137702,6,drone90,58,78,10,700,3.1459775762527302,1.6433453478558357
01:11:45,275.34003,-0.21274543,3.0725367,5,drone90,58,73,10,705,3.079893243414904,1.6399269625095414
01:11:50,275.61258,-0.29548857,3.2800856,6,drone90,58,68,10,710,3.2933683423401043,1.6606394399676754
01:11:55,275.88123,-0.6174769,3.7293751,5,drone90,58,63,10,715,3.780147663588503,1.7348789008249046
01:12:00,275.60556,-1.1470879,4.0210557,6,drone90,58,58,10,720,4.181470984334209,1.848685491168382
01:12:05,275.27698,-1.6272249,4.097808,5,drone90,58,53,10,725,4.409069207899101,1.9487971170703702
01:12:10,275.22275,-1.6654022,4.1939473,5,drone90,58,48,10,730,4.51251132330348,1.9487972669765625
01:12:15,275.17657,-1.6005787,4.200726,6,drone90,58,44,10,735,4.495325472306726,1.9348380897567754
01:12:20,275.1805,-1.7040691,4.137164,5,drone90,58,39,10,740,4.474368945501792,1.9615131039006695
01:12:25,275.18732,-1.8164909,3.9070168,5,drone90,58,34,10,745,4.308644736487919,2.005996775321922
01:12:30,275.18445,-1.8582735,3.5149221,4,drone90,58,29,10,750,3.975909678283784,2.0571248151642028
01:12:35,275.16873,-1.7958363,3.044138,6,drone90,58,24,10,755,3.5343746518219725,2.103780452585447
01:12:40,275.1491,-1.6436303,2.6705794,5,drone90,58,20,10,760,3.1358435698839395,2.122504764161583
01:12:45,275.13242,-1.5140728,2.4723864,5,drone90,58,15,10,765,2.8991569385952185,2.120278725927701
01:12:50,275.1159,-1.4552863,2.3867683,5,drone90,56,10,10,770,2.795446499729977,2.1183401687666716
01:12:55,275.10245,-1.4642321,2.418412,5,drone90,50,10,10,775,2.827134988714619,2.1152149246172556
01:13:00,275.11395,-1.5399984,2.4950476,5,drone90,44,10,10,780,2.932039835723301,2.123782949537901
01:13:05,275.2264,-1.7365146,2.5372725,6,drone90,42,14,10,785,3.074611307998038,2.1709770082081885
01:13:10,275.3654,-1.9340086,2.5013118,5,drone90,43,19,10,790,3.161795373785786,2.228979431818342
01:13:15,275.34946,-1.9054879,2.3979225,6,drone90,43,25,10,795,3.0628281788328673,2.2422611269523163
01:13:20,275.2586,-1.6418922,2.4084945,5,drone90,43,31,10,800,2.9149023573614077,2.169140633138893
01:13:25,275.23862,-1.2944053,2.5692444,5,drone90,43,37,10,805,2.8768910072506135,2.0374855123177067
01:13:30,275.33902,-0.8956335,2.7572834,6,drone90,43,43,10,810,2.899098327797422,1.884869581783473
01:13:35,275.50797,-0.5268127,2.8520267,5,drone90,43,49,10,815,2.90027376611143,1.7534527097289132
01:13:40,275.6184,-0.27258894,2.954145,5,drone90,43,55,10,820,2.96669469464509,1.662809151742553
01:13:45,275.61542,-0.20992477,3.245781,5,drone90,43,60,10,825,3.2525624834921394,1.6353825686315329
01:13:50,275.47916,-0.4428378,3.5969517,5,drone90,43,66,10,830,3.6241091111115473,1.693294643966107
01:13:55,275.27173,-0.7753225,3.5894494,5,drone90,43,71,10,835,3.6722298367839956,1.7835284880110738
01:14:00,275.17288,-0.7962251,3.3311138,5,drone90,43,77,10,840,3.4249516140261673,1.8054208021832334
01:14:05,275.23138,-0.6351499,3.3772647,5,drone90,43,83,10,845,3.4364709004058365,1.7566913517848732
01:14:10,275.2967,-0.6319816,3.628898,5,drone90,43,89,10,850,3.683517535880963,1.7432195427593005
01:14:15,275.3158,-0.7978221,3.7158823,4,drone90,43,95,10,855,3.8005659276878356,1.7822914273607857
01:14:20,275.3356,-1.0261936,3.609799,5,drone90,43,101,10,860,3.7528285499183096,1.847769430951855
01:14:25,275.38446,-1.1855723,3.4297366,5,drone90,43,107,10,865,3.6288668787800487,1.9036124610050056
01:14:30,275.4605,-1.2273524,3.2561824,5,drone90,43,113,10,870,3.479815761768936,1.9312578611106819
01:14:35,275.53436,-1.2138817,3.1512132,5,drone90,43,120,10,875,3.376929583726781,1.9384888382871548
01:14:40,275.57913,-1.1568714,3.1787062,6,drone90,43,125,10,880,3.382680082723816,1.9198391089951663
01:14:45,275.56915,-1.1169578,3.239242,5,drone90,42,131,10,885,3.4264097042742625,1.9028496691858
01:14:50,275.5109,-1.1328831,3.2060459,5,drone90,43,136,10,890,3.400316813353194,1.9104598591884496
01:14:55,275.40707,-1.21227,3.1441493,5,drone90,42,141,10,895,3.3697586521278478,1.9387960528243546
01:15:00,275.33295,-1.413723,3.166598,5,drone90,42,147,10,900,3.4678459617366224,1.9906929199028411
01:15:05,275.4433,-1.7003049,3.2670364,4,drone90,43,154,10,905,3.683010126498292,2.0506639454644215
01:15:10,275.43585,-2.0729303,3.522503,5,drone90,42,159,10,910,4.087183310504569,2.1027038050422924
01:15:15,275.16675,-2.4314375,3.89475,5,drone90,42,165,10,915,4.591401297959726,2.1288819655430835
01:15:20,275.08136,-2.4995813,3.8433814,5,drone90,42,171,10,920,4.584701436426984,2.1474245397658045
01:15:25,275.10413,-2.4072094,3.6863275,5,drone90,42,176,10,925,4.40268867088108,2.149284760054405
01:15:30,275.10043,-2.2254148,3.8354936,5,drone90,42,182,10,930,4.434352510536346,2.096541742301932
01:15:35,275.0871,-2.0617101,3.9529393,5,drone90,43,188,10,935,4.458293131449131,2.051545793067646
01:15:40,275.0423,-1.935488,3.9314055,5,drone90,42,195,10,940,4.382015860716875,2.0282766680027073
01:15:45,275.01883,-1.7911202,3.6834476,5,drone90,42,201,10,945,4.095839082873471,2.023393170345104
01:15:50,275.0827,-1.7532622,3.3278098,5,drone90,42,208,10,950,3.7614154791680323,2.055693812233791
01:15:55,275.20142,-1.7063183,3.1598008,5,drone90,42,214,10,955,3.5910810679509213,2.0659359285754686
01:16:00,275.39798,-1.6340563,3.467418,5,drone90,42,221,10,960,3.83316156433481,2.0111889497389726
01:16:05,275.60284,-1.94161,4.118675,5,drone90,41,227,10,965,4.553386997359767,2.0113165221246607
01:16:10,275.33676,-2.0478697,4.6627073,5,drone90,36,227,10,970,5.092603427879633,1.9846343183262132
01:16:15,275.09863,-1.7315003,4.706121,5,drone90,31,227,10,975,5.014545657937625,1.9233500128870578
01:16:20,275.1671,-1.7380129,4.552384,5,drone90,27,226,10,980,4.872872758858209,1.9354985332795476
01:16:25,275.09167,-1.8857431,4.311572,5,drone90,26,222,10,985,4.705919692300498,1.983095867854022
01:16:30,275.0191,-2.1777902,3.990385,5,drone90,27,217,10,990,4.5459809286270705,2.070377984753275
01:16:35,274.97247,-2.528671,3.7202568,5,drone90,27,213,10,995,4.49827607914268,2.1677701036228125
01:16:40,274.93158,-2.627788,3.387706,5,drone90,27,208,10,1000,4.287402677073848,2.2305333395722258
01:16:45,274.91406,-2.5901845,3.0560737,4,drone90,27,203,10,1005,4.0060756612764985,2.2738680777554166
01:16:50,274.90887,-2.5641932,2.8420284,5,drone90,27,199,10,1010,3.8278208152071067,2.3048479103740327
01:16:55,274.90094,-2.6092863,2.8327966,5,drone90,27,194,10,1015,3.8513778797125644,2.315146832813932
01:17:00,274.8964,-2.5827737,2.8593655,5,drone90,27,189,10,1020,3.8531404137407113,2.30541408848714
01:17:05,274.94662,-2.404448,2.8497107,4,drone90,27,184,10,1025,3.7285682585140494,2.271651676958573
01:17:10,275.0527,-2.1205802,3.0127769,5,drone90,27,179,10,1030,3.6842482318385725,2.1841097651490085
01:17:15,275.20737,-1.7667062,3.3184025,5,drone90,27,174,10,1035,3.7593943593516084,2.0600240767693023
01:17:20,275.4752,-1.490454,3.464435,5,drone90,27,169,10,1040,3.771440440380969,1.9770763314972672
01:17:25,275.7603,-1.5018196,3.413871,5,drone90,27,164,10,1045,3.7296081986698226,1.985233590862391
01:17:30,275.8207,-1.6902525,3.3023515,5,drone90,27,159,10,1050,3.7097815223148247,2.043865467658973
01:17:35,275.72025,-1.822056,3.2101302,5,drone90,27,155,10,1055,3.6911819202103873,2.0870482521356895
01:17:40,275.67334,-1.9578282,3.1980834,5,drone90,27,150,10,1060,3.7497771525879773,2.1201294071783057
01:17:45,275.56296,-2.1510162,3.2686572,5,drone90,28,145,10,1065,3.9129260897408065,2.1528260940756763
01:17:50,275.33038,-2.2702684,3.3322632,5,drone90,27,140,10,1070,4.0321330139409834,2.1688608811703407
01:17:55,275.1327,-2.245119,3.2853148,4,drone90,27,135,10,1075,3.9791773847442435,2.170280741779342
01:18:00,275.07782,-2.1407077,3.1301057,5,drone90,28,130,10,1080,3.7921222488221265,2.1706411845082627
01:18:05,275.12225,-2.0600333,2.935384,5,drone90,28,125,10,1085,3.5861143908923054,2.1827249431397124
01:18:10,275.17865,-2.0574899,2.7853162,5,drone90,28,120,10,1090,3.46283857876518,2.207020739952487
01:18:15,275.24158,-2.107095,2.7246656,4,drone90,28,115,10,1095,3.444365249338165,2.2290689498027696
01:18:20,275.37057,-2.2329993,2.733441,5,drone90,28,110,10,1100,3.5295871676842734,2.255768799720258
01:18:25,275.49716,-2.4316201,2.8048072,5,drone90,28,105,10,1105,3.7121044893558492,2.2850472777416257
01:18:30,275.4848,-2.5900903,2.9824383,5,drone90,28,101,10,1110,3.950127336613464,2.2859029527129735
01:18:35,275.43863,-2.705693,3.0688412,5,drone90,28,97,10,1115,4.091278641337747,2.2933893211910217
01:18:40,275.29144,-2.8329124,2.7598138,5,drone90,28,93,10,1120,3.9549923990754015,2.3692640443362443
01:18:45,275.18906,-2.785709,2.4117732,5,drone90,28,89,10,1125,3.684674286951187,2.4280163065257874
01:18:50,275.281,-2.6283436,2.4312327,5,drone90,28,84,10,1130,3.5803746341982494,2.3951327844300376
01:18:55,275.53314,-2.6154568,2.7138155,5,drone90,28,79,10,1135,3.769006346599391,2.337740275696424
01:19:00,275.71246,-2.7790284,3.045551,5,drone90,28,74,10,1140,4.122909135744755,2.310468129808216
01:19:05,275.51672,-2.9826722,3.3320954,5,drone90,28,69,10,1145,4.472045751929871,2.300916569489466
01:19:10,275.3171,-3.2070942,3.404945,5,drone90,28,64,10,1150,4.677510412676667,2.3262806050012674
01:19:15,275.4558,-3.4877636,3.5584133,5,drone90,28,59,10,1155,4.98264991175397,2.3461681548368
01:19:20,275.35056,-3.5393174,3.756852,5,drone90,28,54,10,1160,5.16146341727293,2.3263884145846845
01:19:25,275.1331,-3.4203973,3.7985768,5,drone90,28,49,10,1165,5.111585213546335,2.3038554588245894
01:19:30,275.0968,-3.2112632,3.6400871,5,drone90,28,44,10,1170,4.854116339279545,2.2936863384274364
01:19:35,275.03403,-3.098832,3.4007468,5,drone90,28,39,10,1175,4.60085193871029,2.3097764161698624
01:19:40,274.99557,-3.126554,3.2329366,4,drone90,28,33,10,1180,4.497468062647645,2.3394678865553207
01:19:45,275.02716,-3.0465958,3.0997796,5,drone90,28,28,10,1185,4.346306424673001,2.347541834070764
01:19:50,275.10925,-2.737698,3.104578,4,drone90,28,23,10,1190,4.139250523619946,2.293479399051421
01:19:55,275.28058,-2.2587652,3.3715801,5,drone90,28,18,10,1195,4.058272119935657,2.1610634690486155
01:20:00,275.48492,-1.7506511,3.906163,5,drone90,28,13,10,1200,4.280524343640649,1.9921329305367
01:20:05,275.4312,-1.6313503,4.5106783,5,drone90,25,10,10,1205,4.796615736892104,1.9178242806564416
01:20:10,275.15662,-1.7983643,4.796132,4,drone90,19,10,10,1210,5.122206196253573,1.9295331428711862
01:20:15,274.9468,-1.7811036,4.5728583,6,drone90,13,10,10,1215,4.907480317414615,1.9422136456728332
01:20:20,274.95413,-1.4657868,4.075644,5,drone90,12,14,10,1220,4.331212873756061,1.9160379953137276
01:20:25,274.97162,-1.1824434,3.7510452,5,drone90,14,19,10,1225,3.9330029858425735,1.876166720677361
01:20:30,274.95258,-1.0916722,3.6788552,5,drone90,13,24,10,1230,3.8374110771221632,1.8592617940712035
01:20:35,275.0757,-1.2814106,3.759483,6,drone90,13,30,10,1235,3.9718667592306467,1.8992943701388807
01:20:40,275.41772,-1.8179066,3.8377151,5,drone90,13,36,10,1240,4.246509342400128,2.0131793929608204
01:20:45,275.36584,-2.2278743,3.9750836,5,drone90,13,42,10,1245,4.556831522405612,2.0816345608839235
01:20:50,275.00223,-2.2392673,4.070891,5,drone90,13,48,10,1250,4.6461243606612905,2.0736918244981286
01:20:55,274.9311,-2.2452621,3.9944243,5,drone90,13,54,10,1255,4.582207697838117,2.0828811548721866
01:21:00,274.94794,-2.2738864,3.9108243,5,drone90,13,60,10,1260,4.52383753748689,2.0974525197195177
01:21:05,274.91803,-2.180599,3.7714093,5,drone90,13,66,10,1265,4.356436629508972,2.0950262328062603
01:21:10,274.90448,-2.0949616,3.502089,5,drone90,13,72,10,1270,4.080868960086265,2.1098937616881237
01:21:15,274.90594,-2.0479927,3.1575525,5,drone90,13,78,10,1275,3.7635637219940277,2.1461876597149594
01:21:20,274.91974,-2.0785031,2.889787,5,drone90,13,84,10,1280,3.5596409990445115,2.194330691055015
01:21:25,274.9855,-2.2911942,2.8594387,5,drone90,13,90,10,1285,3.6641452674766226,2.2463136827683066
01:21:30,275.1431,-2.5507305,3.0373929,5,drone90,13,96,10,1290,3.9663562261350984,2.2693249671262485
01:21:35,275.26746,-2.739779,3.18886,5,drone90,13,101,10,1295,4.204190417719088,2.2805911275197275
01:21:40,275.30786,-2.9021635,3.3562157,5,drone90,13,107,10,1300,4.436973834231924,2.2837702996292393
01:21:45,275.37308,-3.0283298,3.5970364,4,drone90,12,113,10,1305,4.7020689319163536,2.2705666231278236
01:21:50,275.50467,-2.8956745,3.729203,5,drone90,12,119,10,1310,4.721428367047333,2.231034211633638
01:21:55,275.68344,-2.4813645,3.8948433,5,drone90,12,125,10,1315,4.618113696458234,2.138042151798391
01:22:00,275.59402,-2.2684846,4.151872,5,drone90,13,130,10,1320,4.731179925221737,2.0708531957082634
01:22:05,275.294,-2.3196843,4.187518,5,drone90,13,136,10,1325,4.787091209909258,2.076668698668186
01:22:10,275.11246,-2.4370003,3.9345975,5,drone90,12,141,10,1330,4.628177605624739,2.1253421169599775
01:22:15,275.11792,-2.5722182,3.6826215,5,drone90,13,148,10,1335,4.491993720017148,2.1804979122770227
01:22:20,275.14523,-2.751811,3.541492,4,drone90,12,154,10,1340,4.484933596585907,2.231367324403646
01:22:25,275.10516,-2.847484,3.4238276,5,drone90,12,160,10,1345,4.453174212264524,2.264550312899532
01:22:30,275.05817,-2.8895042,3.3520281,4,drone90,12,167,10,1350,4.42553125681056,2.282225468424965
01:22:35,275.008,-2.9121974,3.306501,5,drone90,12,173,10,1355,4.406114224525706,2.29287312702351
01:22:40,274.9293,-2.8750226,3.2355568,4,drone90,12,178,10,1360,4.328346422889115,2.2972611738882858
01:22:45,274.9015,-2.7549186,3.2467377,5,drone90,12,183,10,1365,4.258037363061443,2.2744299608805747
01:22:50,275.00427,-2.5749035,3.457927,4,drone90,12,188,10,1370,4.31130921781786,2.2108568497902237
01:22:55,275.3679,-2.3919597,3.7523034,5,drone90,12,194,10,1375,4.449859774428364,2.1383086127513273
01:23:00,275.75037,-2.2829072,3.9010887,4,drone90,12,200,10,1380,4.51997326641204,2.100260498078317
01:23:05,275.75348,-2.1086864,4.181712,5,drone90,12,206,10,1385,4.683297298324009,2.0378492343263908
01:23:10,275.50378,-2.0852203,4.463223,4,drone90,12,213,10,1390,4.926307262774126,2.0078618157174972
01:23:15,275.33636,-2.5766072,4.433045,5,drone90,12,219,10,1395,5.127454791133398,2.097298065419963
01:23:20,275.10345,-2.9104567,4.1414576,5,drone90,12,226,10,1400,5.06186025638526,2.183373202198272
01:23:25,275.04813,-2.8333707,3.9972641,5,drone90,16,229,10,1405,4.899603025630475,2.18742224794293
01:23:30,275.11725,-2.9346888,4.0111694,4,drone90,22,227,10,1410,4.970098420387849,2.2024361046162024
01:23:35,275.04816,-2.9625065,3.9158206,5,drone90,27,228,9,1415,4.910203227354914,2.218475042647748
01:23:40,274.97592,-2.8947196,3.79894,5,drone90,33,228,9,1420,4.7761225577055875,2.2219211999034982
01:23:45,274.94525,-2.850544,3.7681375,5,drone90,39,228,8,1425,4.724876857108792,2.2184356928166036
01:23:50,274.952,-2.7744727,3.7682369,5,drone90,44,228,8,1430,4.679455961708252,2.205457835636789
01:23:55,274.9812,-2.691195,3.7824311,4,drone90,49,228,7,1435,4.64212403477893,2.18919795688155
01:24:00,275.01703,-2.6057274,3.8282905,5,drone90,54,228,7,1440,4.630941959850179,2.1684175880171583
01:24:05,275.0655,-2.5160286,3.8903656,5,drone90,59,228,7,1445,4.633070733075561,2.1448715991518146
01:24:10,275.11624,-2.4560087,3.9307466,5,drone90,63,228,6,1450,4.634948496789069,2.129266121993531
01:24:15,275.15295,-2.442684,3.9609077,4,drone90,68,228,7,1455,4.6535464896974315,2.1234034037091494
01:24:20,275.15875,-2.450436,3.9755433,5,drone90,73,228,7,1460,4.670072924513159,2.1231712531337266
01:24:25,275.12836,-2.4464493,3.9643319,5,drone90,78,228,7,1465,4.65843767703595,2.123705539047858
01:24:30,275.10034,-2.423721,3.949884,5,drone90,83,228,7,1470,4.634221304523232,2.1211691326018567
01:24:35,275.0999,-2.3917413,3.9671543,5,drone90,87,226,7,1475,4.632357897025464,2.113335094180705
01:24:40,275.12613,-2.375353,4.022537,5,drone90,87,222,7,1480,4.671520715032526,2.104209524674191
01:24:45,275.1462,-2.3908646,4.05915,4,drone90,87,217,7,1485,4.710937513705012,2.103092945896986
01:24:50,275.13242,-2.4127305,4.0099025,5,drone90,87,212,7,1490,4.679806248674885,2.1124597933035556
01:24:55,275.07953,-2.4143949,3.8566844,5,drone90,87,208,7,1495,4.5500898116794755,2.130134998264925
01:25:00,275.01675,-2.401782,3.6619213,5,drone90,87,203,7,1500,4.3792949641372285,2.1512942172769307
01:25:05,274.98383,-2.3819013,3.4547267,4,drone90,87,198,7,1505,4.1962590928867325,2.1744144490526196
01:25:10,274.98947,-2.3388019,3.1640782,5,drone90,87,194,7,1510,3.9346391426862577,2.2073322170256713
01:25:15,275.03293,-2.2924654,2.8303344,4,drone90,88,189,7,1515,3.642278191739412,2.2515826554346408
01:25:20,275.15262,-2.3451285,2.650635,5,drone90,87,184,7,1520,3.539137406874343,2.2951174360692974
01:25:25,275.24088,-2.6411362,2.7975419,5,drone90,87,180,7,1525,3.8473160916678073,2.3274443782376117
01:25:30,275.15732,-3.002334,3.041974,4,drone90,88,175,7,1530,4.274063086131509,2.349636347936345
01:25:35,275.3649,-3.0892901,3.4586635,5,drone90,88,170,7,1535,4.637463372166971,2.2998437020037485
01:25:40,275.54187,-2.6811695,4.160707,5,drone90,88,166,7,1540,4.949762885995576,2.143226420144668
01:25:45,275.28198,-2.2759764,4.555991,4,drone90,87,162,7,1545,5.09285014166311,2.034089333180475
01:25:50,274.93008,-2.345283,4.5974073,5,drone90,88,158,7,1550,5.161056697245467,2.0425163698151607
01:25:55,274.8008,-2.4813125,4.4527884,4,drone90,88,154,7,1555,5.0974735171289325,2.0791880537076537
01:26:00,274.90225,-2.330568,4.4068465,5,drone90,88,149,7,1560,4.985162312020166,2.0572579546868663
01:26:05,275.00806,-2.1358001,4.4683523,5,drone90,88,145,7,1565,4.952556344361496,2.016676375436038
01:26:10,275.02832,-2.133789,4.4371786,4,drone90,88,140,7,1570,4.92357689335903,2.0190383280350837
01:26:15,275.0385,-2.1801665,4.2951303,5,drone90,88,136,7,1575,4.816769691577576,2.04049772575857
01:26:20,275.0809,-2.118547,4.121525,5,drone90,88,132,6,1580,4.634135271745312,2.0455970628665447
01:26:25,275.14694,-1.9656581,4.0198107,4,drone90,88,128,6,1585,4.474672036018964,2.0255993860294925
01:26:30,275.2401,-1.8098032,3.9394066,5,drone90,88,124,7,1590,4.3352407064491585,2.0014480858104733
01:26:35,275.377,-1.6897538,3.8021588,5,drone90,88,119,7,1595,4.16073063836532,1.9889998893583858
01:26:40,275.5323,-1.6299362,3.6333299,4,drone90,88,116,7,1600,3.982182589774664,1.9924909941221234
01:26:45,275.7111,-1.6112665,3.5612297,5,drone90,88,112,7,1605,3.908776881606872,1.9956830373248184
01:26:50,275.89536,-1.7282575,3.8161101,5,drone90,88,107,7,1610,4.189220724863786,1.9960464982341897
01:26:55,275.70404,-2.0493574,4.364869,5,drone90,88,103,7,1615,4.8220272852915045,2.009757251035637
01:27:00,274.9282,-2.32629,4.628434,5,drone90,88,99,7,1620,5.18015699148742,2.0365285110924294
01:27:05,274.76385,-2.492509,4.4487824,4,drone90,88,95,7,1625,5.099437807997148,2.0814884023548075
01:27:10,274.92188,-2.6231718,3.9717453,5,drone90,88,90,7,1630,4.759809977340201,2.1544884447115056
01:27:15,274.94684,-2.4485924,3.219562,5,drone90,88,86,7,1635,4.044896069515477,2.2210063653367182
01:27:20,275.024,-2.1804984,2.7086356,5,drone90,88,82,7,1640,3.47725180077456,2.2485890931978503
01:27:25,275.07925,-2.3860023,2.8540173,5,drone90,88,77,7,1645,3.7200029199322655,2.267115351924131
01:27:30,275.2454,-2.6364212,3.443953,5,drone90,88,72,7,1650,4.337225957915778,2.2241576211962624
01:27:35,275.40875,-2.5109446,4.0003295,5,drone90,88,67,7,1655,4.723079386675542,2.131323700611283
01:27:40,275.32013,-2.3762898,4.272952,5,drone90,88,62,7,1660,4.889260885643968,2.0783288609708883
01:27:45,275.0953,-2.4246402,4.2856264,5,drone90,89,56,7,1665,4.9239693073609825,2.085659520154179
01:27:50,274.9965,-2.54514,4.240546,5,drone90,88,51,7,1670,4.945701972189186,2.1113566821471395
01:27:55,274.99353,-2.5771136,4.1861143,5,drone90,88,45,7,1675,4.915797741971231,2.1226320536130174
01:28:00,274.98984,-2.4778376,4.0908337,6,drone90,89,40,7,1680,4.782739751756252,2.11539997625286
01:28:05,275.0285,-2.4563982,4.013049,5,drone90,89,34,7,1685,4.705151899074486,2.120067389598516
01:28:10,275.0795,-2.5938778,3.9790287,5,drone90,89,29,7,1690,4.749828569196633,2.1484970681793225
01:28:15,275.09827,-2.713352,3.9678752,5,drone90,89,23,7,1695,4.806902607571641,2.1705872887190782
01:28:20,275.10025,-2.713792,3.8962154,5,drone90,89,18,7,1700,4.748174540016527,2.1791829088767987
01:28:25,275.0564,-2.619935,3.6516247,5,drone90,88,13,7,1705,4.494265496593975,2.1931518441463567
01:28:30,274.99738,-2.4102635,3.3143547,5,drone90,84,10,7,1710,4.098087019188873,2.199557824913562
01:28:35,274.99075,-2.0956874,3.1010544,5,drone90,78,10,7,1715,3.7427856030339384,2.165094238691438
01:28:40,275.04852,-1.8521172,2.995509,5,drone90,73,11,7,1720,3.521847851855165,2.124561697752153
01:28:45,275.2255,-1.8691168,3.0465806,5,drone90,73,16,6,1725,3.574248307594004,2.1210926506621384
01:28:50,275.5466,-1.9878391,3.4304526,6,drone90,74,21,6,1730,3.9647836420586144,2.0959822916186983
01:28:55,275.78528,-2.0496762,3.8856652,6,drone90,74,27,7,1735,4.393127197263639,2.056198680205915
01:29:00,275.86606,-2.400526,4.0240984,5,drone90,74,32,7,1740,4.685711579851939,2.1086660550669603
01:29:05,275.77646,-2.8222113,4.0150523,6,drone90,74,38,7,1745,4.907700234690682,2.1834711234898485
01:29:10,275.65204,-2.7660918,4.13212,5,drone90,73,44,7,1750,4.9724922866131465,2.1606973198532256
01:29:15,275.6227,-2.7160652,4.231009,5,drone90,73,50,7,1755,5.02776762875255,2.1414864712355524
01:29:20,275.49753,-2.9702752,4.143504,6,drone90,73,56,7,1760,5.098152622445805,2.1927424219413894
01:29:25,275.26376,-3.102325,3.9234192,5,drone90,73,62,7,1765,5.001763551443995,2.2398529004378034
01:29:30,275.08118,-3.0135143,3.7068443,5,drone90,73,67,7,1770,4.777233833584765,2.25338960244364
01:29:35,275.01047,-2.8858984,3.5276692,6,drone90,73,73,7,1775,4.5577252615478265,2.2564619203935568
01:29:40,274.9914,-2.8455245,3.4011002,5,drone90,73,79,6,1780,4.43446639975322,2.267487755300344
01:29:45,275.0357,-2.895556,3.3016713,5,drone90,73,84,6,1785,4.391500645836192,2.2907562818822207
01:29:50,275.21173,-2.9911804,3.1898484,5,drone90,73,90,6,1790,4.3729044124388,2.3240639767401454
01:29:55,275.5276,-3.1082377,3.0942917,5,drone90,73,97,7,1795,4.385861685506074,2.358442923952106
01:30:00,275.74042,-3.1969695,3.1399207,5,drone90,73,103,7,1800,4.481039609981007,2.3651968962700742
01:30:05,275.52167,-3.3204525,3.3671234,5,drone90,73,110,7,1805,4.728945421083205,2.34921585652142
01:30:10,275.14706,-3.4711475,3.627184,5,drone90,73,116,7,1810,5.0204908860202355,2.3342158922277854
01:30:15,275.013,-3.656742,3.7533002,5,drone90,73,122,7,1815,5.240135918646008,2.343164505643575
01:30:20,274.9897,-3.7099948,3.733762,5,drone90,73,129,7,1820,5.263557740603882,2.35300159715821
01:30:25,274.99036,-3.601596,3.6411843,5,drone90,73,135,7,1825,5.121495568072132,2.3507286463975507
01:30:30,275.00992,-3.5126815,3.5843596,4,drone90,73,142,7,1830,5.018621829003895,2.3460951175126716
01:30:35,275.0025,-3.5133545,3.6233475,5,drone90,73,148,7,1835,5.047009703619214,2.340783409271344
01:30:40,274.96503,-3.564715,3.7087092,5,drone90,73,155,7,1840,5.144095349173617,2.3363997706183177
01:30:45,274.96286,-3.583958,3.7547965,4,drone90,73,162,7,1845,5.190688942922341,2.332919743726821
01:30:50,274.99612,-3.5840335,3.8040328,5,drone90,72,169,7,1850,5.226467418113126,2.326425630448039
01:30:55,275.04315,-3.5641232,3.8615642,5,drone90,72,175,7,1855,5.254964534180976,2.3161602065283304
01:31:00,275.13068,-3.5089092,3.8829327,5,drone90,72,182,7,1860,5.233508395576903,2.305638108003425
01:31:05,275.26532,-3.4712462,3.8587441,5,drone90,72,188,7,1865,5.1903233242544005,2.3033789323477443
01:31:10,275.32776,-3.4815063,3.766192,4,drone90,72,194,7,1870,5.128848632763858,2.3169352092442637
01:31:15,275.2486,-3.4658356,3.5878289,5,drone90,73,200,7,1875,4.988439898595809,2.3389011898484178
01:31:20,275.10767,-3.4189186,3.3389962,5,drone90,72,206,7,1880,4.77890154920986,2.368020427118216
01:31:25,275.0578,-3.462798,3.140849,4,drone90,72,213,7,1885,4.675029671521347,2.4049091300840253
01:31:30,275.07138,-3.64152,3.0529547,5,drone90,72,219,7,1890,4.751968046047036,2.4438870822269436
01:31:35,275.07626,-3.8635032,3.0825613,5,drone90,72,225,7,1895,4.9425541114557285,2.4681537395398685
01:31:40,275.08505,-3.9677544,3.163428,4,drone90,68,227,7,1900,5.07448043546365,2.468509865621902
01:31:45,275.10846,-3.9696279,3.2770557,5,drone90,63,226,7,1905,5.147527535172677,2.451476016697594
01:31:50,275.14526,-3.8470516,3.426415,5,drone90,58,227,7,1910,5.1517109551378715,2.4139618000822516
01:31:55,275.2071,-3.6126268,3.5203695,4,drone90,56,224,7,1915,5.044211911945066,2.36912764649999
01:32:00,275.30316,-3.3095195,3.528339,5,drone90,57,219,7,1920,4.837571231496364,2.324204233302284
01:32:05,275.41058,-3.0423217,3.4764402,4,drone90,57,214,7,1925,4.619670744811467,2.2896974393940646
01:32:10,275.4982,-2.8802192,3.422704,5,drone90,57,209,7,1930,4.473317036793238,2.2703373156745954
01:32:15,275.57236,-2.7746847,3.4127555,4,drone90,57,204,7,1935,4.3983832583341735,2.2534341797396706
01:32:20,275.6497,-2.6603367,3.4697678,5,drone90,57,199,7,1940,4.37226256568424,2.2249119745779673
01:32:25,275.6881,-2.541832,3.581433,4,drone90,57,194,7,1945,4.391761861680686,2.1880192617094814
01:32:30,275.66272,-2.4705334,3.7258584,4,drone90,57,190,7,1950,4.470520785922611,2.156310102985355
01:32:35,275.57877,-2.4423451,3.9448307,5,drone90,57,184,7,1955,4.639691675009935,2.1251600922288176
01:32:40,275.432,-2.454255,4.200402,4,drone90,57,179,7,1960,4.864847846195089,2.0995846358548906
01:32:45,275.2474,-2.4945927,4.4395714,5,drone90,58,174,7,1965,5.09242446724458,2.082729461108583
01:32:50,275.14896,-2.567217,4.5884347,4,drone90,58,169,7,1970,5.257788139631825,2.0809019068074583
01:32:55,275.20148,-2.7345123,4.565999,5,drone90,57,164,7,1975,5.322208600463936,2.110396213803723
01:33:00,275.2318,-2.9861324,4.3973866,4,drone90,58,159,6,1980,5.315448769406899,2.1673366259819336
01:33:05,275.07672,-3.1185808,4.166342,5,drone90,58,154,7,1985,5.204224425127403,2.2133480989842003
01:33:10,274.91443,-3.1179178,3.8883433,4,drone90,58,149,7,1990,4.9840370209511615,2.2466720838113545
01:33:15,275.03668,-3.1878552,3.7891297,5,drone90,58,144,7,1995,4.951759753823799,2.270227190092861
01:33:20,275.36295,-3.25157,4.0448527,4,drone90,58,139,7,2000,5.189753445935297,2.247897719557555
01:33:25,275.62146,-3.0486374,4.268504,5,drone90,58,134,7,2005,5.245409077917065,2.1910001993876875
01:33:30,275.5592,-2.7753778,4.1974626,4,drone90,58,130,7,2010,5.032038772816799,2.1550073343203113
01:33:35,275.20758,-2.6544278,4.0161037,5,drone90,58,125,7,2015,4.814049841304775,2.1548280266273245
01:33:40,274.97882,-2.5085254,3.948276,5,drone90,58,120,7,2020,4.677775438669663,2.1368016211252456
01:33:45,274.95782,-2.3151863,4.0115204,5,drone90,58,115,7,2025,4.631671784930777,2.0942331630882514
01:33:50,274.98642,-2.1934052,4.142486,4,drone90,58,110,7,2030,4.68734643818686,2.0577567190108876
01:33:55,275.01944,-2.163447,4.260683,5,drone90,58,106,7,2035,4.778485382241741,2.0406405957211557
01:34:00,275.1237,-2.1908479,4.251938,5,drone90,58,101,7,2040,4.783177947429764,2.046576220340853
01:34:05,275.33075,-2.3103256,4.0458527,5,drone90,58,96,7,2045,4.659026555849693,2.08964609049368
01:34:10,275.52197,-2.4797854,3.7346287,4,drone90,58,92,7,2050,4.48294402785902,2.156949006401348
01:34:15,275.65384,-2.6444309,3.4575663,6,drone90,58,88,7,2055,4.352904720272487,2.223717707593858
01:34:20,275.7378,-2.7642107,3.419416,5,drone90,58,83,7,2060,4.396961061352544,2.250630280789281
01:34:25,275.86365,-2.747186,3.7095096,4,drone90,58,78,7,2065,4.6160039418406225,2.208240869936926
01:34:30,275.81244,-2.5397446,4.1900344,5,drone90,58,74,7,2070,4.899662325753941,2.115717808379019
01:34:35,275.31097,-2.349497,4.5328813,5,drone90,58,69,6,2075,5.105599772103048,2.0489947197667764
01:34:40,274.99637,-2.4434762,4.685185,6,drone90,58,65,7,2080,5.284083120484711,2.051521167229982
01:34:45,275.10492,-2.5952916,4.7732363,5,drone90,58,61,7,2085,5.433168805095995,2.0688032468097504
01:34:50,275.14084,-2.6370072,4.8358254,6,drone90,58,56,7,2090,5.50808626222729,2.070028970783188
01:34:55,275.0437,-2.5700016,4.697967,6,drone90,59,52,7,2095,5.354979192965325,2.0713683605838735
01:35:00,275.15137,-2.5941894,4.452604,5,drone90,58,47,7,2100,5.15320298687024,2.098340604914899
01:35:05,275.32437,-2.6721618,4.268232,6,drone90,59,41,7,2105,5.0356978752903,2.13015625947566
01:35:10,275.45966,-2.725411,4.0081167,5,drone90,59,36,7,2110,4.846943841199307,2.1679544985070844
01:35:15,275.6914,-2.8879557,3.8189967,6,drone90,59,30,7,2115,4.788008345833723,2.218258704707381
01:35:20,275.9703,-3.1599014,4.1029778,5,drone90,59,24,7,2120,5.178745377503589,2.2270681421721044
01:35:25,275.52765,-3.2952704,4.4253845,5,drone90,59,19,7,2125,5.517502603710886,2.2108512355584793
01:35:30,274.87112,-3.1750827,4.268067,5,drone90,59,13,7,2130,5.319543783852924,2.2103921960323127
01:35:35,275.11057,-3.0982685,4.2839427,6,drone90,55,10,7,2135,5.286911457077331,2.1969422317332707
01:35:40,275.2787,-3.036096,4.391483,4,drone90,49,10,7,2140,5.338820268608506,2.1757001144675776
01:35:45,275.1507,-2.9227688,4.298913,5,drone90,43,10,7,2145,5.198387292211156,2.1678947142829372
01:35:50,275.0639,-2.8013196,4.305905,5,drone90,42,15,7,2150,5.13694552923906,2.147576549174076
01:35:55,274.98453,-2.7214649,4.385668,5,drone90,44,20,7,2155,5.161439238057153,2.126179136149034
01:36:00,274.90167,-2.6173468,4.4614587,5,drone90,44,26,7,2160,5.172534968782321,2.1013471595939066
01:36:05,274.89545,-2.504883,4.56369,5,drone90,44,31,6,2165,5.205929817024908,2.072773324405171
01:36:10,274.93954,-2.4129262,4.642244,5,drone90,44,38,7,2170,5.231887059387123,2.050139141586243
01:36:15,275.00464,-2.3453598,4.594579,5,drone90,44,44,7,2175,5.1585723585791685,2.042778776954595
01:36:20,275.12445,-2.350644,4.442805,5,drone90,44,50,7,2180,5.026334995079516,2.057444254047857
01:36:25,275.3491,-2.486537,4.199555,6,drone90,43,56,7,2185,4.880484448330309,2.1053833125161585
01:36:30,275.60254,-2.6609678,3.841769,5,drone90,43,62,7,2190,4.673322017793963,2.1765664608937687
01:36:35,275.758,-2.7488258,3.587305,5,drone90,43,68,7,2195,4.519380537393443,2.22462594621879
01:36:40,275.8642,-2.7715015,3.5167968,5,drone90,43,74,7,2200,4.4776199366396074,2.238223839133777
01:36:45,275.98615,-2.8439188,3.6410413,5,drone90,43,79,7,2205,4.620070983145078,2.2338893533057735
01:36:50,276.07764,-2.9658432,3.886672,4,drone90,43,85,7,2210,4.889012694048794,2.222616462693951
01:36:55,275.9921,-3.0788274,4.0185485,5,drone90,43,91,7,2215,5.062401624312615,2.2245561496882136
01:37:00,275.77155,-3.1352115,3.9450364,5,drone90,43,97,7,2220,5.039133194018314,2.2423113454888277
01:37:05,275.67032,-3.1642356,3.7823575,5,drone90,43,104,7,2225,4.931390796734083,2.2674462060779312
01:37:10,275.66684,-3.2274039,3.5402954,6,drone90,43,110,7,2230,4.7905978179133735,2.309994321304268
01:37:15,275.65045,-3.2786877,3.3135197,5,drone90,43,116,7,2235,4.661459625098064,2.3509107250227625
01:37:20,275.6528,-3.2193825,3.1889293,6,drone90,43,122,7,2240,4.531411894951146,2.3609465952261814
01:37:25,275.70264,-3.1296136,3.1390898,5,drone90,43,128,7,2245,4.432647747990923,2.354682823077601
01:37:30,275.65637,-3.1976402,3.1696703,6,drone90,43,133,7,2250,4.502411871359408,2.3605871957308384
01:37:35,275.50317,-3.440358,3.35327,5,drone90,43,140,7,2255,4.804215113945669,2.3690128591288087
01:37:40,275.31857,-3.734385,3.7055652,5,drone90,43,146,7,2260,5.260878707941862,2.360068125778282
01:37:45,275.06342,-3.9399312,4.0774765,5,drone90,43,152,7,2265,5.669997572202805,2.339040340958597
01:37:50,274.86838,-3.8932185,4.1370506,5,drone90,43,158,7,2270,5.68087475268577,2.3258396910848447
01:37:55,274.99954,-3.630324,4.0479164,5,drone90,43,164,7,2275,5.437359609807407,2.301861547110592
01:38:00,275.28036,-3.4984906,4.281134,5,drone90,43,170,7,2280,5.528792345914645,2.255930138336881
01:38:05,275.32758,-3.6293023,4.543826,5,drone90,43,176,7,2285,5.81534091030451,2.2447640325811324
01:38:10,275.2045,-3.8154285,4.6057153,5,drone90,42,182,7,2290,5.980811655893064,2.2626230007744486
01:38:15,275.06842,-3.9349093,4.4921503,5,drone90,42,188,7,2295,5.9718443982589315,2.2901654167073335
01:38:20,274.91888,-3.8301353,4.3428526,5,drone90,42,194,7,2300,5.7905358233615,2.29354343783025
01:38:25,274.90118,-3.7405026,4.395272,5,drone90,42,199,7,2305,5.771462176484462,2.2758872991568513
01:38:30,274.92084,-3.6532073,4.454549,5,drone90,42,205,7,2310,5.760983455120687,2.2576780179678817
01:38:35,274.9111,-3.4401143,4.4261556,5,drone90,42,210,7,2315,5.605821955117363,2.2314943484223217
01:38:40,274.94058,-3.2077465,4.4536066,5,drone90,42,216,7,2320,5.488556217788591,2.194989380761619
01:38:45,274.98236,-3.048386,4.527737,5,drone90,42,222,7,2325,5.458301892179013,2.163356016554152
01:38:50,274.99808,-2.8952267,4.5360217,6,drone90,41,227,7,2330,5.3812480436478465,2.1388844083678684
01:38:55,275.0366,-2.7295465,4.3865833,6,drone90,35,227,7,2335,5.16648208585892,2.1274148546210387
01:39:00,275.14288,-2.6323984,4.0788765,5,drone90,30,227,7,2340,4.85456021062411,2.1439122263960844
01:39:05,275.36975,-2.6361806,3.679037,6,drone90,26,225,7,2345,4.526009434721205,2.1925375401948823
01:39:10,275.6856,-2.739469,3.4187343,5,drone90,27,221,7,2350,4.3809170975901255,2.2463360768287455
01:39:15,275.91577,-2.8894515,3.3409734,5,drone90,27,216,7,2355,4.417129523837829,2.283850480135696
01:39:20,275.94955,-3.0513568,3.4014332,5,drone90,27,212,7,2360,4.5695214339106105,2.3019956787621982
01:39:25,275.68698,-3.0639603,3.5366971,6,drone90,27,207,7,2365,4.679324641134071,2.2846969152552727
01:39:30,275.5003,-2.8766897,3.5918336,5,drone90,27,203,7,2370,4.60180532401959,2.246084141292414
01:39:35,275.64874,-2.669112,3.5650992,5,drone90,27,198,7,2375,4.453548155615322,2.2134509373987594
01:39:40,275.9661,-2.4813519,3.3883364,6,drone90,27,193,7,2380,4.199753660775662,2.2028869187444275
01:39:45,276.18463,-2.38211,3.205141,5,drone90,28,189,7,2385,3.9934166927558405,2.209941102061533
01:39:50,276.1879,-2.3240013,3.1778398,5,drone90,28,184,7,2390,3.9369592119890866,2.202231272304216
01:39:55,276.05197,-2.2802875,3.286225,6,drone90,27,179,7,2395,3.999873227151237,2.1774116531674768
01:40:00,275.855,-2.382084,3.5009582,5,drone90,28,175,7,2400,4.234504988921756,2.1682527128336613
01:40:05,275.642,-2.6572628,3.8783698,5,drone90,27,170,7,2405,4.701361280928736,2.171485767674911
01:40:10,275.40347,-2.883737,4.2328887,5,drone90,28,166,7,2410,5.1218439874479476,2.1688404098530523
01:40:15,275.16986,-2.9002,4.2805157,4,drone90,28,161,7,2415,5.170490759874394,2.166285594242355
01:40:20,275.08643,-2.7847402,4.063503,6,drone90,28,156,6,2420,4.926137900272894,2.1715918549054045
01:40:25,275.29846,-2.791697,3.7433841,5,drone90,28,152,6,2425,4.669742675987812,2.211583608203041
01:40:30,275.45776,-3.0031676,3.7259688,5,drone90,28,147,7,2430,4.785588692341121,2.249191091295824
01:40:35,275.33502,-3.0288887,4.1012545,5,drone90,28,142,7,2435,5.098475775244787,2.206914428660392
01:40:40,275.13406,-2.8399737,4.3423147,6,drone90,28,137,7,2440,5.188559296233183,2.149994472156626
01:40:45,275.04776,-2.7571833,4.279268,6,drone90,28,132,7,2445,5.090598625468609,2.1431624851144093
01:40:50,275.03662,-2.8344543,4.2125025,5,drone90,28,127,7,2450,5.077332812736894,2.1630792559416854
01:40:55,275.02032,-2.9342704,4.15668,5,drone90,28,122,7,2455,5.0880184161140924,2.1854822945800354
01:41:00,275.01105,-3.0587318,4.0764427,5,drone90,28,117,7,2460,5.096393363027871,2.2145171635269882
01:41:05,274.99634,-3.1731935,3.9813004,5,drone90,28,113,7,2465,5.091159972293388,2.243720233731821
01:41:10,274.9809,-3.2305954,3.9328506,5,drone90,28,108,7,2470,5.089603175142589,2.258473587491025
01:41:15,274.999,-3.293168,4.0511928,6,drone90,28,103,7,2475,5.220835046139252,2.2533468455890997
01:41:20,275.0296,-3.3226254,4.360465,6,drone90,28,98,7,2480,5.482106763366631,2.2219262045016013
01:41:25,275.01154,-3.213483,4.5512176,6,drone90,28,93,7,2485,5.571360213972775,2.18558521234678
01:41:30,274.98438,-3.0843024,4.5605726,5,drone90,28,89,7,2490,5.505610205464651,2.16543660911265
01:41:35,274.9773,-2.9936318,4.533045,5,drone90,28,84,7,2495,5.432340961868672,2.154449276051256
01:41:40,274.9786,-2.90914,4.485696,5,drone90,28,79,7,2500,5.346453417361457,2.146142415935877
01:41:45,274.9838,-2.8311074,4.430527,5,drone90,28,74,7,2505,5.257826414790028,2.139399878350398
01:41:50,274.97617,-2.7444165,4.3524156,5,drone90,28,70,7,2510,5.145419660299401,2.1333768406600235
01:41:55,274.95416,-2.6465187,4.2070765,6,drone90,29,65,7,2515,4.97026698541456,2.132312448057455
01:42:00,274.9378,-2.523008,3.962672,5,drone90,29,60,7,2520,4.6976950462591756,2.137760383412733
01:42:05,274.95905,-2.3330169,3.6604092,5,drone90,28,55,7,2525,4.3406869694934525,2.138237993330076
01:42:10,275.0434,-2.0872278,3.4180272,5,drone90,29,50,7,2530,4.004925695819172,2.1190119524298368
01:42:15,275.19107,-1.9141426,3.4202523,5,drone90,29,45,7,2535,3.919447370330421,2.081017809434387
01:42:20,275.42838,-1.85928,3.6449432,4,drone90,29,39,7,2540,4.09176405106969,2.042490047116278
01:42:25,275.7158,-1.8482962,4.0291624,5,drone90,29,35,7,2545,4.432871359345791,2.0008860605626797
01:42:30,275.54605,-1.8396909,4.3752985,5,drone90,29,30,7,2550,4.746335383392651,1.9688255503404424
01:42:35,275.03442,-1.7945688,4.4177027,5,drone90,29,25,7,2555,4.768288406076203,1.9566551127783995
01:42:40,274.89886,-1.8888317,4.568504,5,drone90,29,20,6,2560,4.943572998241342,1.9628404482578183
01:42:45,274.96683,-2.040387,4.8538923,6,drone90,28,15,7,2565,5.265306218043571,1.96873114347615
01:42:50,275.0065,-2.1699412,4.9475102,5,drone90,28,11,7,2570,5.402453330715729,1.984123440395214
01:42:55,274.98227,-2.3316848,4.8045177,5,drone90,22,9,7,2575,5.340425482689963,2.0226237504142013
01:43:00,274.98877,-2.4516373,4.5943446,5,drone90,16,9,7,2580,5.207545271459525,2.060977340919756
01:43:05,275.0191,-2.5141177,4.485073,5,drone90,11,11,7,2585,5.141660006727622,2.081704948850387
01:43:10,275.01648,-2.5383854,4.487876,5,drone90,13,16,7,2590,5.156009254288549,2.085544777952599
01:43:15,274.97443,-2.51475,4.4874125,5,drone90,14,21,7,2595,5.144009963798306,2.081589787768186
01:43:20,274.95767,-2.4264624,4.4908004,6,drone90,14,26,7,2600,5.104410642890511,2.066176127370527
01:43:25,274.9759,-2.31355,4.5242553,5,drone90,14,32,7,2605,5.08147612629225,2.043495277363636
01:43:30,274.9494,-2.2252038,4.5018897,5,drone90,14,37,7,2610,5.021806728907489,2.0298592162026132
01:43:35,274.92487,-2.165225,4.462539,4,drone90,14,43,7,2615,4.96008605037715,2.0225341841255435
01:43:40,274.93176,-2.1202464,4.422881,5,drone90,13,49,7,2620,4.904826310571452,2.0178133279904813
01:43:45,274.94,-2.114417,4.346958,5,drone90,13,55,7,2625,4.8339221242851025,2.023515395998798
01:43:50,274.93774,-2.1783783,4.281139,4,drone90,14,61,7,2630,4.803486562407756,2.0414841341383685
01:43:55,274.91766,-2.2905095,4.266037,5,drone90,13,67,7,2635,4.842055912002592,2.063539863759205
01:44:00,274.89154,-2.4047713,4.3341093,5,drone90,14,73,7,2640,4.9565540882401535,2.077353887765584
01:44:05,274.88956,-2.5128367,4.4875,6,drone90,13,79,7,2645,5.143151225743502,2.081256945806164
01:44:10,274.89212,-2.6031175,4.6053557,5,drone90,13,85,7,2650,5.290134387927091,2.0852625106671034
01:44:15,274.88422,-2.6437726,4.666627,5,drone90,13,91,7,2655,5.363482182093994,2.0862399990651657
01:44:20,274.87134,-2.652965,4.720567,5,drone90,13,97,7,2660,5.414977016822324,2.082806905647111
01:44:25,274.853,-2.6345835,4.7458363,5,drone90,13,103,7,2665,5.428074465671039,2.0775739963143707
01:44:30,274.84235,-2.5863678,4.747322,5,drone90,13,109,7,2670,5.4061413751918135,2.0696428001271663
01:44:35,274.8498,-2.5252068,4.736471,5,drone90,13,116,7,2675,5.367571789609082,2.0606038865643637
01:44:40,274.86407,-2.4808002,4.6805162,5,drone90,13,122,7,2680,5.297320221657595,2.058176025034557
01:44:45,274.88336,-2.4583483,4.5864353,6,drone90,13,128,7,2685,5.20373568940612,2.0628306929368954
01:44:50,274.90332,-2.4445655,4.521042,5,drone90,13,134,7,2690,5.139622675795787,2.0664779143183356
01:44:55,274.91486,-2.425823,4.4989605,6,drone90,13,140,7,2695,5.111287783708646,2.0653071546092736
01:45:00,274.92438,-2.4099247,4.4930906,5,drone90,13,145,7,2700,5.098588059402177,2.063108928970294
01:45:05,274.9371,-2.3886695,4.4705696,5,drone90,13,152,7,2705,5.06870146375523,2.0615136308059174
01:45:10,274.95294,-2.3293025,4.427592,5,drone90,13,158,7,2710,5.002921252125627,2.055095769641934
01:45:15,274.9743,-2.2414813,4.3815866,5,drone90,13,164,7,2715,4.921639925019836,2.043655777245288
01:45:20,275.001,-2.163354,4.355267,6,drone90,13,170,7,2720,4.8629673215645814,2.0318175583367246
01:45:25,275.01733,-2.1540368,4.367073,5,drone90,13,177,7,2725,4.8694148645482285,2.029025325211295
01:45:30,275.00375,-2.221628,4.403305,6,drone90,12,183,7,2730,4.932010329815723,2.0380665294719
01:45:35,274.9561,-2.2984064,4.437252,5,drone90,13,189,7,2735,4.997186937774588,2.0487240068101755
01:45:40,274.8989,-2.2948668,4.471983,6,drone90,12,196,7,2740,5.026434678977858,2.044920672471381
01:45:45,274.8736,-2.1889167,4.512679,5,drone90,12,203,7,2745,5.015538662654281,2.0224200550572338
01:45:50,274.887,-2.068482,4.526046,5,drone90,12,209,7,2750,4.976314919540362,1.9994706193041942
01:45:55,274.90897,-2.0109267,4.5118656,5,drone90,12,216,7,2755,4.9397122775761195,1.9900664397551893
01:46:00,274.92245,-2.0182745,4.4832177,6,drone90,12,222,7,2760,4.916571254740801,1.993803557945741
01:46:05,274.9284,-2.0439239,4.478092,5,drone90,14,227,7,2765,4.92249254640931,1.9989824103364704
01:46:10,274.91977,-2.113485,4.535172,5,drone90,18,224,7,2770,5.00345919487798,2.006893083948027
01:46:15,274.88284,-2.2135086,4.562154,5,drone90,19,220,7,2775,5.070785880116608,2.0225253798787772
01:46:20,274.86118,-2.2373676,4.531326,6,drone90,21,215,8,2780,5.053585766147218,2.0294359509509885
01:46:25,274.8926,-2.2009435,4.556197,5,drone90,23,211,8,2785,5.059948951620091,2.020805128345348
01:46:30,274.93073,-2.1743429,4.6299853,5,drone90,24,207,8,2790,5.1151276548094575,2.009847551355545
01:46:35,274.94525,-2.15665,4.6622653,5,drone90,26,203,8,2795,5.136911226611191,2.0040587419460163
01:46:40,274.94562,-2.1608748,4.5911474,5,drone90,28,198,7,2800,5.074250126846508,2.0106986181141178
01:46:45,274.95868,-2.1807575,4.478871,5,drone90,30,194,7,2805,4.981564885500062,2.023908256571147
01:46:50,274.988,-2.2242448,4.3515787,6,drone90,31,190,7,2810,4.887075005831273,2.043312316183954
01:46:55,275.01306,-2.2623882,4.2118044,5,drone90,33,186,8,2815,4.780972356263797,2.0637236144224644
01:47:00,275.0516,-2.2167604,4.063282,6,drone90,35,182,8,2820,4.628637735071968,2.0702236117287622
01:47:05,275.15237,-2.1621978,3.8473892,6,drone90,37,177,7,2825,4.413332412429578,2.0827989842275727
01:47:10,275.23865,-2.1819742,3.5864522,6,drone90,38,173,7,2830,4.198053214568686,2.117364669870099
01:47:15,275.2943,-2.1269271,3.3845873,6,drone90,40,169,8,2835,3.9974054185228325,2.131847958326942
01:47:20,275.39517,-1.9746265,3.2998588,5,drone90,42,165,8,2840,3.8455452037961653,2.110036516396505
01:47:25,275.5015,-1.7704501,3.3303888,6,drone90,43,160,8,2845,3.7717347621161608,2.059406809447381
01:47:30,275.55624,-1.5624005,3.4262536,5,drone90,45,156,8,2850,3.765675112634282,1.998635611419603
01:47:35,275.5768,-1.3662982,3.4692001,6,drone90,47,152,7,2855,3.728554693867753,1.9459782188232904
01:47:40,275.64532,-1.2530313,3.3737445,5,drone90,49,148,7,2860,3.598921976100613,1.926412988121239
01:47:45,275.8431,-1.309809,3.236675,6,drone90,50,142,7,2865,3.4916564367225478,1.95532837104947
01:47:50,276.0818,-1.3958992,3.2203567,5,drone90,50,137,7,2870,3.509876329985934,1.979811677360665
01:47:55,276.16647,-1.3770825,3.3327305,6,drone90,51,132,8,2875,3.6060295059020935,1.9626295223594639
01:48:00,276.07666,-1.3430443,3.4983933,5,drone90,56,132,8,2880,3.747335543188971,1.937349583759051
01:48:05,275.95377,-1.4187981,3.6011677,6,drone90,57,136,9,2885,3.870580945037437,1.9461047158710052
01:48:10,275.90607,-1.581328,3.599034,6,drone90,52,138,8,2890,3.9311123078258654,1.9847800221372616
01:48:15,275.92474,-1.6806988,3.718183,5,drone90,51,134,9,2895,4.080396215787192,1.995330093624375
01:48:20,276.02664,-1.894123,4.074678,6,drone90,54,131,8,2900,4.493406585522058,2.005932462642063
01:48:25,276.08774,-2.4163404,4.356784,5,drone90,57,133,8,2905,4.981994354806934,2.0771762815304413
01:48:30,275.8083,-2.6649415,4.346208,5,drone90,56,137,7,2910,5.0981797906396205,2.120839589829334
01:48:35,275.5645,-2.4989624,4.3521714,5,drone90,52,137,6,2915,5.018586351911434,2.0920197741888273
01:48:40,275.56055,-2.383675,4.4770994,5,drone90,51,133,5,2920,5.072112532575097,2.060038436438285
01:48:45,275.49234,-2.436543,4.6700172,5,drone90,52,128,5,2925,5.267428446513995,2.0516856750637835
01:48:50,275.29584,-2.5543716,4.8871174,5,drone90,52,125,5,2930,5.514411188174973,2.0524185489984
01:48:55,275.10834,-2.619596,5.039259,5,drone90,52,125,5,2935,5.6794730805152165,2.0501877289916415
01:49:00,275.01544,-2.622218,5.12286,5,drone90,52,125,4,2940,5.754973659290197,2.04389163306689
01:49:05,274.96326,-2.5863643,5.1636963,5,drone90,52,125,4,2945,5.7752090672934235,2.035143368083073
01:49:10,274.93295,-2.532164,5.1480613,5,drone90,52,125,3,2950,5.737106384881989,2.0279167889137497
01:49:15,274.9495,-2.5050051,5.0486875,6,drone90,53,125,3,2955,5.635982258992859,2.0313748981806405
01:49:20,274.97272,-2.4875488,4.9215755,5,drone90,53,125,3,2960,5.514508539714278,2.0387844651042926
01:49:25,274.9812,-2.420973,4.860095,6,drone90,53,125,3,2965,5.429699225164687,2.0329491048242474
01:49:30,274.99832,-2.3504064,4.838622,6,drone90,53,125,0,2970,5.3792818390603925,2.022986737971241
01:49:35,275.0144,-2.32173,4.809422,6,drone90,53,125,0,2975,5.340502800952734,2.020545833889102
01:00:05,275.088,,,5,drone21,67,142,4,5,,
01:00:10,275.0759,,,6,drone21,67,146,4,10,,
01:00:15,275.0849,,,5,drone21,67,150,4,15,,
01:00:20,275.15726,,,5,drone21,67,153,4,20,,
01:00:25,275.28152,,,6,drone21,67,157,4,25,,
01:00:30,275.41986,,,5,drone21,67,161,4,30,,
01:00:35,275.53705,,,5,drone21,67,165,4,35,,
01:00:40,275.61188,,,4,drone21,67,168,4,40,,
01:00:45,275.6574,,,5,drone21,67,169,4,45,,
01:00:50,275.6635,,,5,drone21,65,169,4,50,,
01:00:55,275.5729,,,5,drone21,61,169,4,55,,
01:01:00,275.39926,,,5,drone21,59,169,4,60,,
01:01:05,275.2479,,,5,drone21,59,168,4,65,,
01:01:10,275.18823,,,5,drone21,59,165,4,70,,
01:01:15,275.1998,,,6,drone21,59,161,4,75,,
01:01:20,275.25226,,,4,drone21,59,157,4,80,,
01:01:25,275.3886,,,5,drone21,59,153,4,85,,
01:01:30,275.62286,,,4,drone21,59,150,4,90,,
01:01:35,275.8388,,,5,drone21,59,146,4,95,,
01:01:40,275.89764,,,5,drone21,59,142,4,100,,
01:01:45,275.8271,,,5,drone21,59,138,4,105,,
01:01:50,275.80353,,,5,drone21,59,135,4,110,,
01:01:55,275.75967,,,5,drone21,59,131,4,115,,
01:02:00,275.60574,,,4,drone21,59,127,4,120,,
01:02:05,275.40543,,,5,drone21,59,123,4,125,,
01:02:10,275.2615,,,5,drone21,59,119,4,130,,
01:02:15,275.18005,,,5,drone21,59,116,4,135,,
01:02:20,275.07117,,,5,drone21,59,112,4,140,,
01:02:25,274.95734,,,5,drone21,60,109,4,145,,
01:02:30,274.90347,,,5,drone21,59,109,4,150,,
01:02:35,274.8898,,,5,drone21,56,109,4,155,,
01:02:40,274.87982,,,5,drone21,53,109,4,160,,
01:02:45,274.8742,,,4,drone21,51,109,4,165,,
01:02:50,274.8692,,,5,drone21,51,110,4,170,,
01:02:55,274.8626,,,5,drone21,51,114,4,175,,
01:03:00,274.86115,,,5,drone21,51,118,4,180,,
01:03:05,274.86835,,,5,drone21,51,121,4,185,,
01:03:10,274.8975,,,5,drone21,51,125,4,190,,
01:03:15,274.96173,,,4,drone21,51,129,4,195,,
01:03:20,275.0457,,,5,drone21,51,133,4,200,,
01:03:25,275.14355,,,4,drone21,51,136,4,205,,
01:03:30,275.28442,,,5,drone21,51,140,4,210,,
01:03:35,275.4487,,,5,drone21,51,144,4,215,,
01:03:40,275.52673,,,5,drone21,51,148,4,220,,
01:03:45,275.46835,,,4,drone21,51,152,4,225,,
01:03:50,275.31183,,,5,drone21,51,155,4,230,,
01:03:55,275.16193,,,5,drone21,51,159,4,235,,
01:04:00,275.075,,,5,drone21,51,163,4,240,,
01:04:05,274.99194,,,5,drone21,51,167,4,245,,
01:04:10,274.9516,,,5,drone21,51,169,4,250,,
01:04:15,274.9501,,,5,drone21,50,169,4,255,,
01:04:20,274.95926,,,5,drone21,47,169,4,260,,
01:04:25,274.9608,,,5,drone21,44,169,4,265,,
01:04:30,274.957,,,5,drone21,43,169,4,270,,
01:04:35,274.96512,,,5,drone21,43,167,4,275,,
01:04:40,274.9874,,,5,drone21,43,163,4,280,,
01:04:45,274.99396,,,6,drone21,43,159,4,285,,
01:04:50,274.96616,,,5,drone21,43,155,4,290,,
01:04:55,274.94736,,,5,drone21,43,152,4,295,,
01:05:00,274.9529,,,5,drone21,43,148,4,300,,
01:05:05,274.97583,,,5,drone21,43,144,4,305,,
01:05:10,275.082,,,6,drone21,43,140,4,310,,
01:05:15,275.27777,,,5,drone21,43,137,4,315,,
01:05:20,275.37094,,,5,drone21,43,133,4,320,,
01:05:25,275.25418,,,6,drone21,43,129,4,325,,
01:05:30,275.0956,,,5,drone21,43,125,4,330,,
01:05:35,275.17328,,,5,drone21,43,122,4,335,,
01:05:40,275.45493,,,5,drone21,43,118,4,340,,
01:05:45,275.68185,,,6,drone21,43,114,4,345,,
01:05:50,275.62885,,,5,drone21,43,111,4,350,,
01:05:55,275.4188,,,5,drone21,43,109,4,355,,
01:06:00,275.20154,,,5,drone21,42,109,4,360,,
01:06:05,275.11884,,,4,drone21,39,110,4,365,,
01:06:10,275.19116,,,5,drone21,37,111,4,370,,
01:06:15,275.29037,,,5,drone21,38,111,4,375,,
01:06:20,275.27252,,,5,drone21,40,111,4,380,,
01:06:25,275.19763,,,5,drone21,44,111,4,385,,
01:06:30,275.16425,,,5,drone21,48,111,4,390,,
01:06:35,275.1637,,,5,drone21,52,111,4,395,,
01:06:40,275.15692,,,5,drone21,55,111,4,400,,
01:06:45,275.1392,,,5,drone21,59,111,4,405,,
01:06:50,275.1131,,,6,drone21,63,111,4,410,,
01:06:55,275.08096,,,5,drone21,67,111,4,415,,
01:07:00,275.0436,,,5,drone21,70,111,4,420,,
01:07:05,275.01044,,,5,drone21,74,111,4,425,,
01:07:10,275.0247,,,6,drone21,75,111,4,430,,
01:07:15,275.10867,,,5,drone21,75,113,4,435,,
01:07:20,275.18402,,,5,drone21,75,117,4,440,,
01:07:25,275.1631,,,5,drone21,75,119,4,445,,
01:07:30,275.06522,,,6,drone21,74,119,4,450,,
01:07:35,275.0274,,,5,drone21,71,119,4,455,,
01:07:40,275.04593,,,6,drone21,67,119,4,460,,
01:07:45,275.05258,,,6,drone21,63,119,4,465,,
01:07:50,275.0467,,,5,drone21,59,119,4,470,,
01:07:55,275.04147,,,6,drone21,55,119,4,475,,
01:08:00,275.03915,,,6,drone21,52,119,4,480,,
01:08:05,275.04315,,,5,drone21,48,119,4,485,,
01:08:10,275.0609,,,5,drone21,44,119,4,490,,
01:08:15,275.11386,,,5,drone21,40,119,4,495,,
01:08:20,275.2522,,,6,drone21,38,119,4,500,,
01:08:25,275.4702,,,5,drone21,37,119,4,505,,
01:08:30,275.65817,,,5,drone21,37,121,4,510,,
01:08:35,275.6506,,,5,drone21,36,125,4,515,,
01:08:40,275.3888,,,4,drone21,37,127,4,520,,
01:08:45,275.14044,,,5,drone21,38,127,4,525,,
01:08:50,275.28766,,,5,drone21,41,127,4,530,,
01:08:55,275.69113,,,5,drone21,45,127,4,535,,
01:09:00,275.88864,,,4,drone21,49,127,4,540,,
01:09:05,275.59662,,,5,drone21,52,127,4,545,,
01:09:10,275.08856,,,4,drone21,56,127,4,550,,
01:09:15,274.9569,,,5,drone21,60,127,4,555,,
01:09:20,275.05826,,,4,drone21,64,127,4,560,,
01:09:25,275.0627,,,5,drone21,67,127,4,565,,
01:09:30,275.0027,,,4,drone21,71,127,4,570,,
01:09:35,275.00073,,,5,drone21,74,127,4,575,,
01:09:40,275.0375,,,4,drone21,75,127,4,580,,
01:09:45,275.08926,,,5,drone21,75,130,4,585,,
01:09:50,275.164,,,5,drone21,74,134,4,590,,
01:09:55,275.2422,,,4,drone21,74,135,4,595,,
01:10:00,275.32257,,,5,drone21,73,135,4,600,,
01:10:05,275.36923,,,5,drone21,69,135,4,605,,
01:10:10,275.3659,,,5,drone21,66,135,4,610,,
01:10:15,275.3349,,,6,drone21,62,135,4,615,,
01:10:20,275.28778,,,5,drone21,58,135,4,620,,
01:10:25,275.23618,,,5,drone21,54,135,4,625,,
01:10:30,275.20184,,,4,drone21,50,135,4,630,,
01:10:35,275.20734,,,5,drone21,47,135,4,635,,
01:10:40,275.28564,,,5,drone21,43,135,4,640,,
01:10:45,275.43488,,,5,drone21,39,135,4,645,,
01:10:50,275.58893,,,5,drone21,37,135,4,650,,
01:10:55,275.6872,,,5,drone21,36,135,4,655,,
01:11:00,275.70737,,,5,drone21,36,138,4,660,,
01:11:05,275.67532,,,6,drone21,36,142,4,665,,
01:11:10,275.65845,,,5,drone21,37,143,4,670,,
01:11:15,275.69138,,,6,drone21,38,143,4,675,,
01:11:20,275.74365,,,6,drone21,42,143,4,680,,
01:11:25,275.81772,,,6,drone21,46,143,4,685,,
01:11:30,275.9414,,,6,drone21,49,143,4,690,,
01:11:35,275.99,,,5,drone21,53,143,4,695,,
01:11:40,275.90613,,,6,drone21,57,143,4,700,,
01:11:45,275.82416,,,5,drone21,61,143,4,705,,
01:11:50,275.81995,,,6,drone21,64,143,4,710,,
01:11:55,275.84402,,,5,drone21,68,143,4,715,,
01:12:00,275.7023,,,6,drone21,72,143,4,720,,
01:12:05,275.42038,,,5,drone21,74,143,4,725,,
01:12:10,275.4784,,,5,drone21,74,144,4,730,,
01:12:15,275.83698,,,6,drone21,74,147,4,735,,
01:12:20,275.98306,,,5,drone21,74,151,4,740,,
01:12:25,275.91202,,,5,drone21,74,151,4,745,,
01:12:30,275.66785,,,4,drone21,72,151,4,750,,
01:12:35,275.2134,,,6,drone21,68,151,4,755,,
01:12:40,274.97693,,,5,drone21,64,151,4,760,,
01:12:45,275.01385,,,5,drone21,60,151,4,765,,
01:12:50,275.01636,,,5,drone21,57,151,4,770,,
01:12:55,275.0151,,,5,drone21,53,151,4,775,,
01:13:00,275.01666,,,5,drone21,49,151,4,780,,
01:13:05,275.01843,,,6,drone21,45,151,4,785,,
01:13:10,275.05203,,,5,drone21,42,151,4,790,,
01:13:15,275.18454,,,6,drone21,38,151,4,795,,
01:13:20,275.4497,,,5,drone21,36,151,4,800,,
01:13:25,275.665,,,5,drone21,36,152,4,805,,
01:13:30,275.6211,,,6,drone21,36,156,4,810,,
01:13:35,275.3619,,,5,drone21,36,159,4,815,,
01:13:40,275.25604,,,5,drone21,37,159,4,820,,
01:13:45,275.38107,,,5,drone21,39,159,4,825,,
01:13:50,275.62082,,,5,drone21,43,159,4,830,,
01:13:55,275.88116,,,5,drone21,47,159,4,835,,
01:14:00,275.98276,,,5,drone21,51,159,4,840,,
01:14:05,275.74088,,,5,drone21,54,159,4,845,,
01:14:10,275.31024,,,5,drone21,58,159,4,850,,
01:14:15,275.07315,,,4,drone21,62,159,4,855,,
01:14:20,275.02948,,,5,drone21,66,159,4,860,,
01:14:25,275.0501,,,5,drone21,69,159,4,865,,
01:14:30,275.0788,,,5,drone21,73,159,4,870,,
01:14:35,275.09094,,,5,drone21,74,159,4,875,,
01:14:40,275.0817,,,6,drone21,74,161,4,880,,
01:14:45,275.1302,,,5,drone21,74,165,4,885,,
01:14:50,275.31265,,,5,drone21,74,167,4,890,,
01:14:55,275.47934,,,5,drone21,73,167,4,895,,
01:15:00,275.48862,,,5,drone21,70,167,4,900,,
01:15:05,275.5484,,,4,drone21,66,167,4,905,,
01:15:10,275.48013,,,5,drone21,63,167,4,910,,
01:15:15,275.11652,,,5,drone21,59,167,4,915,,
01:15:20,274.9348,,,5,drone21,55,167,4,920,,
01:15:25,275.04657,,,5,drone21,51,167,4,925,,
01:15:30,275.36157,,,5,drone21,47,167,4,930,,
01:15:35,275.54214,,,5,drone21,44,167,4,935,,
01:15:40,275.50925,,,5,drone21,40,167,4,940,,
01:15:45,275.50226,,,5,drone21,37,167,4,945,,
01:15:50,275.33508,,,5,drone21,36,167,4,950,,
01:15:55,275.1459,,,5,drone21,37,165,4,955,,
01:16:00,275.11017,,,5,drone21,39,162,4,960,,
01:16:05,275.14532,,,5,drone21,42,159,4,965,,
01:16:10,275.18353,,,5,drone21,44,156,4,970,,
01:16:15,275.2221,,,5,drone21,46,153,4,975,,
01:16:20,275.28156,,,5,drone21,48,150,4,980,,
01:16:25,275.52997,,,5,drone21,50,147,4,985,,
01:16:30,275.92023,,,5,drone21,52,144,4,990,,
01:16:35,275.67505,,,5,drone21,54,141,4,995,,
01:16:40,275.23004,,,5,drone21,54,141,4,1000,,
01:16:45,274.99847,,,4,drone21,54,141,4,1005,,
01:16:50,274.87018,,,5,drone21,54,141,4,1010,,
01:16:55,274.91986,,,5,drone21,54,141,4,1015,,
01:17:00,274.97375,,,5,drone21,54,141,4,1020,,
01:17:05,274.97485,,,4,drone21,54,141,4,1025,,
01:17:10,274.9679,,,5,drone21,54,141,4,1030,,
01:17:15,275.0006,,,5,drone21,54,141,4,1035,,
01:17:20,275.13144,,,5,drone21,54,141,4,1040,,
01:17:25,275.3423,,,5,drone21,54,141,4,1045,,
01:17:30,275.51605,,,5,drone21,54,141,4,1050,,
01:17:35,275.6148,,,5,drone21,54,141,4,1055,,
01:17:40,275.69778,,,5,drone21,54,141,4,1060,,
01:17:45,275.7781,,,5,drone21,54,141,4,1065,,
01:17:50,275.83334,,,5,drone21,54,141,4,1070,,
01:17:55,275.84402,,,4,drone21,54,141,4,1075,,
01:18:00,275.77734,,,5,drone21,54,141,4,1080,,
01:18:05,275.62436,,,5,drone21,54,141,4,1085,,
01:18:10,275.55658,,,5,drone21,54,141,4,1090,,
01:18:15,275.60745,,,4,drone21,54,141,4,1095,,
01:18:20,275.52515,,,5,drone21,54,141,4,1100,,
01:18:25,275.29175,,,5,drone21,54,141,4,1105,,
01:18:30,275.3014,,,5,drone21,54,141,4,1110,,
01:18:35,275.54654,,,5,drone21,54,141,4,1115,,
01:18:40,275.74136,,,5,drone21,54,141,4,1120,,
01:18:45,275.78394,,,5,drone21,54,141,4,1125,,
01:18:50,275.80957,,,5,drone21,54,141,4,1130,,
01:18:55,275.87076,,,5,drone21,54,141,4,1135,,
01:19:00,275.88647,,,5,drone21,54,141,4,1140,,
01:19:05,275.62787,,,5,drone21,54,141,4,1145,,
01:19:10,275.27194,,,5,drone21,54,141,4,1150,,
01:19:15,275.10687,,,5,drone21,54,141,4,1155,,
01:19:20,274.99936,,,5,drone21,54,141,4,1160,,
01:19:25,274.93765,,,5,drone21,54,141,4,1165,,
01:19:30,274.93356,,,5,drone21,54,141,4,1170,,
01:19:35,274.96674,,,5,drone21,54,141,4,1175,,
01:19:40,274.97662,,,4,drone21,54,141,4,1180,,
01:19:45,274.971,,,5,drone21,54,141,4,1185,,
01:19:50,274.97385,,,4,drone21,54,141,5,1190,,
01:19:55,274.98993,,,5,drone21,54,141,5,1195,,
01:20:00,275.0145,,,5,drone21,54,141,5,1200,,
01:20:05,275.04156,,,5,drone21,54,141,5,1205,,
01:20:10,275.06583,,,4,drone21,54,141,5,1210,,
01:20:15,275.11246,,,6,drone21,54,141,5,1215,,
01:20:20,275.22342,,,5,drone21,54,141,5,1220,,
01:20:25,275.39227,,,5,drone21,54,141,5,1225,,
01:20:30,275.61218,,,5,drone21,54,141,5,1230,,
01:20:35,275.88885,,,6,drone21,54,141,5,1235,,
01:20:40,275.95825,,,5,drone21,54,141,5,1240,,
01:20:45,275.5908,,,5,drone21,54,141,5,1245,,
01:20:50,275.26773,,,5,drone21,54,141,5,1250,,
01:20:55,275.1192,,,5,drone21,54,141,5,1255,,
01:21:00,274.98553,,,5,drone21,54,141,5,1260,,
01:21:05,274.98404,,,5,drone21,54,141,5,1265,,
01:21:10,274.96857,,,5,drone21,54,141,5,1270,,
01:21:15,274.96143,,,5,drone21,54,141,5,1275,,
01:21:20,274.94672,,,5,drone21,54,141,5,1280,,
01:21:25,274.93378,,,5,drone21,54,141,5,1285,,
01:21:30,274.93613,,,5,drone21,54,141,5,1290,,
01:21:35,274.95026,,,5,drone21,54,141,5,1295,,
01:21:40,274.9585,,,5,drone21,54,141,5,1300,,
01:21:45,274.95343,,,4,drone21,54,141,5,1305,,
01:21:50,274.94083,,,5,drone21,54,141,5,1310,,
01:21:55,274.92886,,,5,drone21,54,141,5,1315,,
01:22:00,274.92255,,,5,drone21,54,141,5,1320,,
01:22:05,274.9245,,,5,drone21,54,141,5,1325,,
01:22:10,274.94107,,,5,drone21,54,141,5,1330,,
01:22:15,274.98447,,,5,drone21,54,141,5,1335,,
01:22:20,275.0761,,,4,drone21,54,141,5,1340,,
01:22:25,275.26697,,,5,drone21,54,141,5,1345,,
01:22:30,275.63037,,,4,drone21,54,141,5,1350,,
01:22:35,275.72162,,,5,drone21,54,141,5,1355,,
01:22:40,275.091,,,4,drone21,54,141,5,1360,,
01:22:45,274.86237,,,5,drone21,54,141,5,1365,,
01:22:50,275.08167,,,4,drone21,54,141,5,1370,,
01:22:55,275.12296,,,5,drone21,54,141,5,1375,,
01:23:00,275.1066,,,4,drone21,54,141,6,1380,,
01:23:05,275.0694,,,5,drone21,54,141,7,1385,,
01:23:10,275.03018,,,4,drone21,54,141,8,1390,,
01:23:15,274.99826,,,5,drone21,54,141,8,1395,,
01:23:20,274.98584,,,5,drone21,54,141,9,1400,,
01:23:25,275.03973,,,5,drone21,54,141,9,1405,,
01:23:30,275.19366,,,4,drone21,54,141,9,1410,,
01:23:35,275.54718,,,5,drone21,54,141,9,1415,,
01:23:40,275.54074,,,5,drone21,54,141,9,1420,,
01:23:45,275.00784,,,5,drone21,54,141,9,1425,,
01:23:50,274.95355,,,5,drone21,54,141,9,1430,,
01:23:55,274.98816,,,4,drone21,54,141,9,1435,,
01:24:00,275.00665,,,5,drone21,54,141,9,1440,,
01:24:05,274.98654,,,5,drone21,54,141,9,1445,,
01:24:10,274.98294,,,5,drone21,54,141,9,1450,,
01:24:15,275.0087,,,4,drone21,54,141,9,1455,,
01:24:20,274.97052,,,5,drone21,54,141,9,1460,,
01:24:25,274.8935,,,5,drone21,54,141,9,1465,,
01:24:30,274.86884,,,5,drone21,54,141,9,1470,,
01:24:35,274.8769,,,5,drone21,54,141,9,1475,,
01:24:40,274.91122,,,5,drone21,54,141,9,1480,,
01:24:45,275.00153,,,4,drone21,54,141,9,1485,,
01:24:50,275.1801,,,5,drone21,54,141,9,1490,,
01:24:55,275.40762,,,5,drone21,54,141,9,1495,,
01:25:00,275.54465,,,5,drone21,54,141,9,1500,,
01:00:05,274.9142,,,5,drone23,67,142,5,5,,
01:00:10,274.86057,,,6,drone23,67,146,5,10,,
01:00:15,274.86453,,,5,drone23,67,149,5,15,,
01:00:20,274.9267,,,5,drone23,67,153,5,20,,
01:00:25,274.99673,,,6,drone23,67,157,5,25,,
01:00:30,275.08044,,,5,drone23,67,161,5,30,,
01:00:35,275.21283,,,5,drone23,67,164,5,35,,
01:00:40,275.3401,,,4,drone23,67,168,5,40,,
01:00:45,275.40405,,,5,drone23,67,169,5,45,,
01:00:50,275.35297,,,5,drone23,65,169,5,50,,
01:00:55,275.17252,,,5,drone23,61,169,5,55,,
01:01:00,274.99646,,,5,drone23,59,169,5,60,,
01:01:05,274.97043,,,5,drone23,59,168,5,65,,
01:01:10,275.0961,,,5,drone23,59,165,5,70,,
01:01:15,275.2738,,,6,drone23,59,161,5,75,,
01:01:20,275.40253,,,4,drone23,59,157,5,80,,
01:01:25,275.5321,,,5,drone23,59,153,5,85,,
01:01:30,275.68192,,,4,drone23,59,150,5,90,,
01:01:35,275.755,,,5,drone23,59,146,5,95,,
01:01:40,275.722,,,5,drone23,59,142,5,100,,
01:01:45,275.69608,,,5,drone23,59,138,5,105,,
01:01:50,275.69736,,,5,drone23,59,135,5,110,,
01:01:55,275.5745,,,5,drone23,59,131,5,115,,
01:02:00,275.35648,,,4,drone23,59,127,5,120,,
01:02:05,275.16666,,,5,drone23,59,123,5,125,,
01:02:10,275.08878,,,5,drone23,59,120,5,130,,
01:02:15,275.05127,,,5,drone23,59,116,5,135,,
01:02:20,274.95267,,,5,drone23,59,112,5,140,,
01:02:25,274.88556,,,5,drone23,60,110,5,145,,
01:02:30,274.88507,,,5,drone23,59,109,5,150,,
01:02:35,274.8737,,,5,drone23,57,109,5,155,,
01:02:40,274.8517,,,5,drone23,53,109,5,160,,
01:02:45,274.8408,,,4,drone23,51,109,5,165,,
01:02:50,274.83432,,,5,drone23,51,110,5,170,,
01:02:55,274.83844,,,5,drone23,51,114,5,175,,
01:03:00,274.8513,,,5,drone23,51,117,5,180,,
01:03:05,274.87067,,,5,drone23,51,121,5,185,,
01:03:10,274.97723,,,5,drone23,51,125,5,190,,
01:03:15,275.15097,,,4,drone23,51,129,5,195,,
01:03:20,275.24283,,,5,drone23,51,132,5,200,,
01:03:25,275.26987,,,4,drone23,51,136,5,205,,
01:03:30,275.29907,,,5,drone23,51,140,5,210,,
01:03:35,275.27652,,,5,drone23,51,144,5,215,,
01:03:40,275.1964,,,5,drone23,51,147,5,220,,
01:03:45,275.12933,,,4,drone23,51,151,5,225,,
01:03:50,275.0877,,,5,drone23,51,155,5,230,,
01:03:55,275.0661,,,5,drone23,51,159,5,235,,
01:04:00,275.04337,,,5,drone23,51,162,5,240,,
01:04:05,274.99643,,,5,drone23,51,166,5,245,,
01:04:10,274.94962,,,5,drone23,51,168,5,250,,
01:04:15,274.9247,,,5,drone23,50,169,5,255,,
01:04:20,274.91864,,,5,drone23,47,169,5,260,,
01:04:25,274.90988,,,5,drone23,44,169,5,265,,
01:04:30,274.91425,,,5,drone23,43,169,5,270,,
01:04:35,274.97232,,,5,drone23,43,167,5,275,,
01:04:40,275.05603,,,5,drone23,43,163,5,280,,
01:04:45,275.07205,,,6,drone23,43,160,5,285,,
01:04:50,275.01138,,,5,drone23,43,156,5,290,,
01:04:55,274.98224,,,5,drone23,43,152,5,295,,
01:05:00,274.9729,,,5,drone23,43,148,5,300,,
01:05:05,274.96054,,,5,drone23,43,144,5,305,,
01:05:10,274.99738,,,6,drone23,43,141,5,310,,
01:05:15,275.0821,,,5,drone23,43,137,5,315,,
01:05:20,275.10318,,,5,drone23,43,133,5,320,,
01:05:25,275.02063,,,6,drone23,43,129,5,325,,
01:05:30,275.00418,,,5,drone23,43,126,5,330,,
01:05:35,275.13068,,,5,drone23,43,122,5,335,,
01:05:40,275.24982,,,5,drone23,43,118,5,340,,
01:05:45,275.25626,,,6,drone23,43,114,5,345,,
01:05:50,275.18246,,,5,drone23,43,111,5,350,,
01:05:55,275.10162,,,5,drone23,43,109,5,355,,
01:06:00,275.04706,,,5,drone23,42,109,5,360,,
01:06:05,275.02847,,,4,drone23,39,110,5,365,,
01:06:10,275.04486,,,5,drone23,37,111,5,370,,
01:06:15,275.07986,,,5,drone23,37,111,5,375,,
01:06:20,275.0954,,,5,drone23,40,111,5,380,,
01:06:25,275.0978,,,5,drone23,44,111,5,385,,
01:06:30,275.11063,,,5,drone23,48,111,5,390,,
01:06:35,275.13614,,,5,drone23,51,111,5,395,,
01:06:40,275.17,,,5,drone23,55,111,5,400,,
01:06:45,275.19904,,,5,drone23,59,111,5,405,,
01:06:50,275.2067,,,6,drone23,63,111,5,410,,
01:06:55,275.18115,,,5,drone23,66,111,5,415,,
01:07:00,275.12427,,,5,drone23,70,111,5,420,,
01:07:05,275.04285,,,5,drone23,73,111,5,425,,
01:07:10,274.96793,,,6,drone23,75,111,5,430,,
01:07:15,274.94867,,,5,drone23,75,113,5,435,,
01:07:20,274.9691,,,5,drone23,75,117,5,440,,
01:07:25,274.9851,,,5,drone23,75,119,5,445,,
01:07:30,274.98697,,,6,drone23,74,119,5,450,,
01:07:35,274.99274,,,5,drone23,71,119,5,455,,
01:07:40,275.00378,,,6,drone23,67,119,5,460,,
01:07:45,275.01038,,,6,drone23,63,119,5,465,,
01:07:50,275.01004,,,5,drone23,60,119,5,470,,
01:07:55,275.0052,,,6,drone23,56,119,5,475,,
01:08:00,275.0027,,,6,drone23,52,119,5,480,,
01:08:05,275.0185,,,5,drone23,48,119,5,485,,
01:08:10,275.067,,,5,drone23,45,119,5,490,,
01:08:15,275.1579,,,5,drone23,41,119,5,495,,
01:08:20,275.2911,,,6,drone23,38,119,5,500,,
01:08:25,275.43658,,,5,drone23,37,119,5,505,,
01:08:30,275.49774,,,5,drone23,37,121,5,510,,
01:08:35,275.352,,,5,drone23,36,125,5,515,,
01:08:40,275.11493,,,4,drone23,37,127,5,520,,
01:08:45,275.06573,,,5,drone23,38,127,5,525,,
01:08:50,275.2983,,,5,drone23,41,127,5,530,,
01:08:55,275.62497,,,5,drone23,45,127,5,535,,
01:09:00,275.78333,,,4,drone23,48,127,5,540,,
01:09:05,275.54678,,,5,drone23,52,127,5,545,,
01:09:10,275.11978,,,4,drone23,56,127,5,550,,
01:09:15,274.9168,,,5,drone23,60,127,5,555,,
01:09:20,274.92438,,,4,drone23,63,127,5,560,,
01:09:25,274.94403,,,5,drone23,67,127,5,565,,
01:09:30,274.93228,,,4,drone23,71,127,5,570,,
01:09:35,274.9433,,,5,drone23,74,127,5,575,,
01:09:40,274.96054,,,4,drone23,74,127,5,580,,
01:09:45,274.95312,,,5,drone23,75,130,5,585,,
01:09:50,274.9256,,,5,drone23,74,133,5,590,,
01:09:55,274.91675,,,4,drone23,74,135,5,595,,
01:10:00,274.93744,,,5,drone23,73,135,5,600,,
01:10:05,274.96805,,,5,drone23,70,135,5,605,,
01:10:10,274.97858,,,5,drone23,66,135,5,610,,
01:10:15,274.9628,,,6,drone23,62,135,5,615,,
01:10:20,274.93234,,,5,drone23,58,135,5,620,,
01:10:25,274.9068,,,5,drone23,55,135,5,625,,
01:10:30,274.90195,,,4,drone23,51,135,5,630,,
01:10:35,274.93814,,,5,drone23,47,135,5,635,,
01:10:40,275.0598,,,5,drone23,43,135,5,640,,
01:10:45,275.25943,,,5,drone23,40,135,5,645,,
01:10:50,275.43887,,,5,drone23,37,135,5,650,,
01:10:55,275.50537,,,5,drone23,36,135,5,655,,
01:11:00,275.48312,,,5,drone23,36,138,5,660,,
01:11:05,275.45764,,,6,drone23,36,142,5,665,,
01:11:10,275.46753,,,5,drone23,37,143,5,670,,
01:11:15,275.46838,,,6,drone23,38,143,5,675,,
01:11:20,275.4453,,,6,drone23,42,143,5,680,,
01:11:25,275.45764,,,6,drone23,45,143,5,685,,
01:11:30,275.54385,,,6,drone23,49,143,5,690,,
01:11:35,275.61078,,,5,drone23,53,143,5,695,,
01:11:40,275.60825,,,6,drone23,57,143,5,700,,
01:11:45,275.63007,,,5,drone23,60,143,5,705,,
01:11:50,275.6946,,,6,drone23,64,143,5,710,,
01:11:55,275.74243,,,5,drone23,68,143,5,715,,
01:12:00,275.5627,,,6,drone23,72,143,5,720,,
01:12:05,275.20737,,,5,drone23,74,143,5,725,,
01:12:10,275.29776,,,5,drone23,74,144,5,730,,
01:12:15,275.6915,,,6,drone23,74,147,5,735,,
01:12:20,275.69366,,,5,drone23,74,150,5,740,,
01:12:25,275.53033,,,5,drone23,74,151,5,745,,
01:12:30,275.40234,,,4,drone23,72,151,5,750,,
01:12:35,275.144,,,6,drone23,68,151,5,755,,
01:12:40,274.942,,,5,drone23,64,151,5,760,,
01:12:45,274.925,,,5,drone23,61,151,5,765,,
01:12:50,274.9452,,,5,drone23,57,151,5,770,,
01:12:55,274.95157,,,5,drone23,53,151,5,775,,
01:13:00,274.94525,,,5,drone23,49,151,5,780,,
01:13:05,274.9404,,,6,drone23,46,151,5,785,,
01:13:10,274.94794,,,5,drone23,42,151,5,790,,
01:13:15,275.01993,,,6,drone23,38,151,5,795,,
01:13:20,275.21,,,5,drone23,37,151,5,800,,
01:13:25,275.36023,,,5,drone23,36,152,5,805,,
01:13:30,275.2755,,,6,drone23,36,155,5,810,,
01:13:35,275.1109,,,5,drone23,36,158,5,815,,
01:13:40,275.10236,,,5,drone23,37,159,5,820,,
01:13:45,275.21872,,,5,drone23,39,159,5,825,,
01:13:50,275.49957,,,5,drone23,43,159,5,830,,
01:13:55,275.80624,,,5,drone23,46,159,5,835,,
01:14:00,275.85516,,,5,drone23,50,159,5,840,,
01:14:05,275.58664,,,5,drone23,54,159,5,845,,
01:14:10,275.25262,,,5,drone23,58,159,5,850,,
01:14:15,275.08252,,,4,drone23,61,159,5,855,,
01:14:20,275.01584,,,5,drone23,65,159,5,860,,
01:14:25,274.98282,,,5,drone23,69,159,5,865,,
01:14:30,274.9663,,,5,drone23,72,159,5,870,,
01:14:35,274.95636,,,5,drone23,74,159,5,875,,
01:14:40,274.95798,,,6,drone23,74,161,5,880,,
01:14:45,275.05585,,,5,drone23,74,164,5,885,,
01:14:50,275.22144,,,5,drone23,74,167,5,890,,
01:14:55,275.2352,,,5,drone23,73,167,5,895,,
01:15:00,275.19955,,,5,drone23,70,167,5,900,,
01:15:05,275.23566,,,4,drone23,67,167,5,905,,
01:15:10,275.0651,,,5,drone23,63,167,5,910,,
01:15:15,274.86545,,,5,drone23,59,167,5,915,,
01:15:20,274.99536,,,5,drone23,55,167,5,920,,
01:15:25,275.2081,,,5,drone23,52,167,5,925,,
01:15:30,275.32645,,,5,drone23,48,167,5,930,,
01:15:35,275.35147,,,5,drone23,44,167,5,935,,
01:15:40,275.34613,,,5,drone23,40,167,5,940,,
01:15:45,275.4419,,,5,drone23,37,167,5,945,,
01:15:50,275.36316,,,5,drone23,36,167,5,950,,
01:15:55,275.1974,,,5,drone23,37,165,5,955,,
01:16:00,275.1364,,,5,drone23,38,162,5,960,,
01:16:05,275.1624,,,5,drone23,39,158,5,965,,
01:16:10,275.25046,,,5,drone23,41,155,4,970,,
01:16:15,275.3488,,,5,drone23,42,151,4,975,,
01:16:20,275.3856,,,5,drone23,44,148,4,980,,
01:16:25,275.5915,,,5,drone23,45,144,4,985,,
01:16:30,275.8521,,,5,drone23,46,141,4,990,,
01:16:35,275.52676,,,5,drone23,48,137,4,995,,
01:16:40,275.14026,,,5,drone23,49,134,4,1000,,
01:16:45,274.9174,,,4,drone23,51,130,4,1005,,
01:16:50,274.85275,,,5,drone23,52,127,4,1010,,
01:16:55,274.9149,,,5,drone23,53,123,4,1015,,
01:17:00,274.93097,,,5,drone23,54,121,4,1020,,
01:17:05,274.9291,,,4,drone23,54,121,4,1025,,
01:17:10,274.92383,,,5,drone23,54,121,4,1030,,
01:17:15,274.903,,,5,drone23,54,121,4,1035,,
01:17:20,274.91318,,,5,drone23,54,121,4,1040,,
01:17:25,274.98544,,,5,drone23,54,121,4,1045,,
01:17:30,275.06372,,,5,drone23,54,121,4,1050,,
01:17:35,275.1507,,,5,drone23,54,121,4,1055,,
01:17:40,275.2954,,,5,drone23,54,121,4,1060,,
01:17:45,275.45908,,,5,drone23,54,121,4,1065,,
01:17:50,275.5475,,,5,drone23,54,121,4,1070,,
01:17:55,275.52832,,,4,drone23,54,121,4,1075,,
01:18:00,275.41675,,,5,drone23,54,121,4,1080,,
01:18:05,275.2988,,,5,drone23,54,121,4,1085,,
01:18:10,275.35126,,,5,drone23,54,121,4,1090,,
01:18:15,275.44626,,,4,drone23,54,121,4,1095,,
01:18:20,275.35886,,,5,drone23,54,121,4,1100,,
01:18:25,275.17816,,,5,drone23,54,121,4,1105,,
01:18:30,275.17737,,,5,drone23,54,121,4,1110,,
01:18:35,275.35962,,,5,drone23,54,121,4,1115,,
01:18:40,275.46088,,,5,drone23,54,121,4,1120,,
01:18:45,275.40225,,,5,drone23,54,121,4,1125,,
01:18:50,275.5315,,,5,drone23,54,121,4,1130,,
01:18:55,275.7565,,,5,drone23,54,121,4,1135,,
01:19:00,275.80658,,,5,drone23,54,121,4,1140,,
01:19:05,275.58276,,,5,drone23,54,121,4,1145,,
01:19:10,275.2171,,,5,drone23,54,121,4,1150,,
01:19:15,274.98343,,,5,drone23,54,121,4,1155,,
01:19:20,274.97528,,,5,drone23,54,121,4,1160,,
01:19:25,275.00177,,,5,drone23,54,121,4,1165,,
01:19:30,275.00784,,,5,drone23,54,121,4,1170,,
01:19:35,275.0156,,,5,drone23,54,121,4,1175,,
01:19:40,275.00266,,,4,drone23,54,121,4,1180,,
01:19:45,274.9804,,,5,drone23,54,121,4,1185,,
01:19:50,274.97275,,,4,drone23,54,121,4,1190,,
01:19:55,274.9762,,,5,drone23,54,121,4,1195,,
01:20:00,274.9759,,,5,drone23,54,121,4,1200,,
01:20:05,274.97437,,,5,drone23,54,121,4,1205,,
01:20:10,274.99194,,,4,drone23,54,121,4,1210,,
01:20:15,275.06503,,,6,drone23,54,121,5,1215,,
01:20:20,275.20605,,,5,drone23,54,121,5,1220,,
01:20:25,275.35397,,,5,drone23,54,121,5,1225,,
01:20:30,275.53433,,,5,drone23,54,121,5,1230,,
01:20:35,275.80347,,,6,drone23,54,121,5,1235,,
01:20:40,275.82687,,,5,drone23,54,121,5,1240,,
01:20:45,275.35446,,,5,drone23,54,121,5,1245,,
01:20:50,274.94037,,,5,drone23,54,121,5,1250,,
01:20:55,274.87256,,,5,drone23,54,121,5,1255,,
01:21:00,274.86816,,,5,drone23,54,121,5,1260,,
01:21:05,274.8562,,,5,drone23,54,121,5,1265,,
01:21:10,274.8466,,,5,drone23,54,121,5,1270,,
01:21:15,274.84247,,,5,drone23,54,121,5,1275,,
01:21:20,274.8497,,,5,drone23,54,121,5,1280,,
01:21:25,274.8988,,,5,drone23,54,121,5,1285,,
01:21:30,274.98267,,,5,drone23,54,121,5,1290,,
01:21:35,275.047,,,5,drone23,54,121,5,1295,,
01:21:40,275.0664,,,5,drone23,54,121,5,1300,,
01:21:45,275.06195,,,4,drone23,54,121,5,1305,,
01:21:50,275.03378,,,5,drone23,54,121,5,1310,,
01:21:55,274.98422,,,5,drone23,54,121,5,1315,,
01:22:00,274.94144,,,5,drone23,54,121,5,1320,,
01:22:05,274.9105,,,5,drone23,54,121,5,1325,,
01:22:10,274.8775,,,5,drone23,54,121,5,1330,,
01:22:15,274.86896,,,5,drone23,54,121,5,1335,,
01:22:20,274.94016,,,4,drone23,54,121,5,1340,,
01:22:25,275.15936,,,5,drone23,54,121,5,1345,,
01:22:30,275.5531,,,4,drone23,54,121,5,1350,,
01:22:35,275.46136,,,5,drone23,54,121,5,1355,,
01:22:40,274.83624,,,4,drone23,54,121,5,1360,,
01:22:45,274.8328,,,5,drone23,54,121,5,1365,,
01:22:50,274.90747,,,4,drone23,54,121,5,1370,,
01:22:55,274.86533,,,5,drone23,54,121,5,1375,,
01:23:00,274.87286,,,4,drone23,54,121,5,1380,,
01:23:05,274.86273,,,5,drone23,54,121,5,1385,,
01:23:10,274.85248,,,4,drone23,54,121,5,1390,,
01:23:15,274.86548,,,5,drone23,54,121,5,1395,,
01:23:20,274.94867,,,5,drone23,54,121,5,1400,,
01:23:25,275.05823,,,5,drone23,54,121,6,1405,,
01:23:30,275.1973,,,4,drone23,54,121,7,1410,,
01:23:35,275.43057,,,5,drone23,54,121,8,1415,,
01:23:40,275.18262,,,5,drone23,54,121,8,1420,,
01:23:45,274.82605,,,5,drone23,54,121,9,1425,,
01:23:50,274.86066,,,5,drone23,54,121,9,1430,,
01:23:55,274.7857,,,4,drone23,54,121,9,1435,,
01:24:00,274.77005,,,5,drone23,54,121,9,1440,,
01:24:05,274.78653,,,5,drone23,54,121,9,1445,,
01:24:10,274.8262,,,5,drone23,54,121,9,1450,,
01:24:15,274.8673,,,4,drone23,54,121,9,1455,,
01:24:20,274.8931,,,5,drone23,54,121,9,1460,,
01:24:25,274.90326,,,5,drone23,54,121,9,1465,,
01:24:30,274.9197,,,5,drone23,54,121,9,1470,,
01:24:35,274.93393,,,5,drone23,54,121,9,1475,,
01:24:40,274.95493,,,5,drone23,54,121,9,1480,,
01:24:45,275.0462,,,4,drone23,54,121,9,1485,,
01:24:50,275.23535,,,5,drone23,54,121,9,1490,,
01:24:55,275.3726,,,5,drone23,54,121,9,1495,,
01:25:00,275.36734,,,5,drone23,54,121,9,1500,,
01:00:05,274.82553,,,5,drone25,67,140,9,5,,
01:00:10,274.81372,,,6,drone25,67,144,9,10,,
01:00:15,274.8162,,,5,drone25,67,148,9,15,,
01:00:20,274.8498,,,5,drone25,67,152,9,20,,
01:00:25,274.87704,,,6,drone25,67,155,9,25,,
01:00:30,274.86304,,,5,drone25,67,159,9,30,,
01:00:35,274.83112,,,5,drone25,67,163,9,35,,
01:00:40,274.81702,,,4,drone25,67,167,9,40,,
01:00:45,274.82123,,,5,drone25,67,168,9,45,,
01:00:50,274.82623,,,5,drone25,66,169,9,50,,
01:00:55,274.82373,,,5,drone25,63,169,9,55,,
01:01:00,274.82028,,,5,drone25,60,169,9,60,,
01:01:05,274.8476,,,5,drone25,59,168,9,65,,
01:01:10,274.9248,,,5,drone25,59,166,9,70,,
01:01:15,275.01047,,,6,drone25,59,163,9,75,,
01:01:20,275.0453,,,4,drone25,59,159,9,80,,
01:01:25,275.08405,,,5,drone25,59,155,9,85,,
01:01:30,275.1703,,,4,drone25,59,151,9,90,,
01:01:35,275.22125,,,5,drone25,59,148,9,95,,
01:01:40,275.1672,,,5,drone25,59,144,9,100,,
01:01:45,275.10666,,,5,drone25,59,140,9,105,,
01:01:50,275.12238,,,5,drone25,59,136,9,110,,
01:01:55,275.16437,,,5,drone25,59,133,9,115,,
01:02:00,275.194,,,4,drone25,59,129,9,120,,
01:02:05,275.2178,,,5,drone25,59,125,9,125,,
01:02:10,275.20908,,,5,drone25,59,121,9,130,,
01:02:15,275.11298,,,5,drone25,59,118,9,135,,
01:02:20,274.96338,,,5,drone25,59,114,9,140,,
01:02:25,274.8844,,,5,drone25,60,110,9,145,,
01:02:30,274.8864,,,5,drone25,59,109,9,150,,
01:02:35,274.88324,,,5,drone25,58,109,9,155,,
01:02:40,274.95673,,,5,drone25,55,109,9,160,,
01:02:45,275.03482,,,4,drone25,52,109,9,165,,
01:02:50,274.98346,,,5,drone25,51,109,9,170,,
01:02:55,274.92136,,,5,drone25,51,112,9,175,,
01:03:00,274.9112,,,5,drone25,51,116,9,180,,
01:03:05,274.93112,,,5,drone25,51,119,9,185,,
01:03:10,274.9642,,,5,drone25,51,123,9,190,,
01:03:15,274.95563,,,4,drone25,51,127,9,195,,
01:03:20,274.92142,,,5,drone25,51,131,9,200,,
01:03:25,274.9053,,,4,drone25,51,134,9,205,,
01:03:30,274.91595,,,5,drone25,51,138,9,210,,
01:03:35,274.921,,,5,drone25,51,142,9,215,,
01:03:40,274.9001,,,5,drone25,51,146,9,220,,
01:03:45,274.88202,,,4,drone25,51,150,9,225,,
01:03:50,274.8875,,,5,drone25,51,153,9,230,,
01:03:55,274.90726,,,5,drone25,51,157,9,235,,
01:04:00,274.91205,,,5,drone25,51,161,9,240,,
01:04:05,274.9059,,,5,drone25,51,165,9,245,,
01:04:10,274.91122,,,5,drone25,51,168,9,250,,
01:04:15,274.93478,,,5,drone25,51,169,9,255,,
01:04:20,274.98682,,,5,drone25,49,169,9,260,,
01:04:25,275.09393,,,5,drone25,45,169,9,265,,
01:04:30,275.17188,,,5,drone25,43,169,9,270,,
01:04:35,275.1393,,,5,drone25,43,168,9,275,,
01:04:40,275.07687,,,5,drone25,43,165,9,280,,
01:04:45,275.03238,,,6,drone25,43,161,9,285,,
01:04:50,275.01913,,,5,drone25,43,158,9,290,,
01:04:55,275.01813,,,5,drone25,43,154,9,295,,
01:05:00,275.00577,,,5,drone25,43,150,9,300,,
01:05:05,274.98883,,,5,drone25,43,146,9,305,,
01:05:10,274.99283,,,6,drone25,43,143,9,310,,
01:05:15,275.01172,,,5,drone25,43,139,9,315,,
01:05:20,275.00803,,,5,drone25,43,135,9,320,,
01:05:25,274.98923,,,6,drone25,43,131,9,325,,
01:05:30,274.99997,,,5,drone25,43,128,9,330,,
01:05:35,275.0418,,,5,drone25,43,124,9,335,,
01:05:40,275.07913,,,5,drone25,43,120,9,340,,
01:05:45,275.1081,,,6,drone25,43,116,9,345,,
01:05:50,275.1639,,,5,drone25,43,112,9,350,,
01:05:55,275.1988,,,5,drone25,43,110,9,355,,
01:06:00,275.15152,,,5,drone25,43,109,9,360,,
01:06:05,275.07776,,,4,drone25,41,109,9,365,,
01:06:10,275.0342,,,5,drone25,38,110,9,370,,
01:06:15,274.9938,,,5,drone25,37,111,9,375,,
01:06:20,274.94897,,,5,drone25,38,111,9,380,,
01:06:25,274.92535,,,5,drone25,42,111,9,385,,
01:06:30,274.92096,,,5,drone25,45,111,9,390,,
01:06:35,274.92935,,,5,drone25,49,111,9,395,,
01:06:40,274.94272,,,5,drone25,53,111,9,400,,
01:06:45,274.96964,,,5,drone25,57,111,9,405,,
01:06:50,275.0177,,,6,drone25,60,111,9,410,,
01:06:55,275.0506,,,5,drone25,64,111,9,415,,
01:07:00,275.04565,,,5,drone25,68,111,9,420,,
01:07:05,275.02463,,,5,drone25,72,111,9,425,,
01:07:10,275.0104,,,6,drone25,74,111,9,430,,
01:07:15,275.0057,,,5,drone25,75,112,9,435,,
01:07:20,275.01007,,,5,drone25,75,114,9,440,,
01:07:25,275.0371,,,5,drone25,75,118,9,445,,
01:07:30,275.08023,,,6,drone25,74,119,9,450,,
01:07:35,275.10303,,,5,drone25,73,119,9,455,,
01:07:40,275.0944,,,6,drone25,69,119,9,460,,
01:07:45,275.06235,,,6,drone25,66,119,9,465,,
01:07:50,275.02487,,,5,drone25,62,119,9,470,,
01:07:55,275.01038,,,6,drone25,58,119,9,475,,
01:08:00,275.10318,,,6,drone25,54,119,9,480,,
01:08:05,275.32254,,,5,drone25,51,119,9,485,,
01:08:10,275.45428,,,5,drone25,47,119,9,490,,
01:08:15,275.38907,,,5,drone25,43,119,9,495,,
01:08:20,275.26102,,,6,drone25,39,119,9,500,,
01:08:25,275.18347,,,5,drone25,37,119,9,505,,
01:08:30,275.2005,,,5,drone25,37,119,9,510,,
01:08:35,275.2491,,,5,drone25,37,122,9,515,,
01:08:40,275.16855,,,4,drone25,36,126,9,520,,
01:08:45,275.01767,,,5,drone25,37,127,9,525,,
01:08:50,274.96603,,,5,drone25,38,127,9,530,,
01:08:55,275.01367,,,5,drone25,42,127,9,535,,
01:09:00,275.073,,,4,drone25,46,127,9,540,,
01:09:05,275.11395,,,5,drone25,50,127,9,545,,
01:09:10,275.1239,,,4,drone25,53,127,9,550,,
01:09:15,275.1006,,,5,drone25,57,127,9,555,,
01:09:20,275.08035,,,4,drone25,61,127,9,560,,
01:09:25,275.10373,,,5,drone25,65,127,9,565,,
01:09:30,275.14514,,,4,drone25,68,127,9,570,,
01:09:35,275.16937,,,5,drone25,72,127,9,575,,
01:09:40,275.169,,,4,drone25,74,127,9,580,,
01:09:45,275.1288,,,5,drone25,75,128,9,585,,
01:09:50,275.03467,,,5,drone25,74,131,9,590,,
01:09:55,274.943,,,4,drone25,74,134,9,595,,
01:10:00,274.90723,,,5,drone25,74,135,9,600,,
01:10:05,274.92224,,,5,drone25,72,135,9,605,,
01:10:10,274.92352,,,5,drone25,69,135,9,610,,
01:10:15,274.89923,,,6,drone25,65,135,9,615,,
01:10:20,274.9151,,,5,drone25,61,135,9,620,,
01:10:25,275.0411,,,5,drone25,57,135,9,625,,
01:10:30,275.20825,,,4,drone25,54,135,9,630,,
01:10:35,275.25592,,,5,drone25,50,135,9,635,,
01:10:40,275.1346,,,5,drone25,46,135,9,640,,
01:10:45,275.04303,,,5,drone25,42,135,9,645,,
01:10:50,275.1243,,,5,drone25,39,135,9,650,,
01:10:55,275.24146,,,5,drone25,37,135,9,655,,
01:11:00,275.27032,,,5,drone25,36,136,9,660,,
01:11:05,275.27563,,,6,drone25,36,139,9,665,,
01:11:10,275.2871,,,5,drone25,36,142,9,670,,
01:11:15,275.2692,,,6,drone25,37,143,9,675,,
01:11:20,275.2252,,,6,drone25,39,143,9,680,,
01:11:25,275.12857,,,6,drone25,43,143,9,685,,
01:11:30,275.07315,,,6,drone25,46,143,9,690,,
01:11:35,275.1818,,,5,drone25,50,143,9,695,,
01:11:40,275.36496,,,6,drone25,54,143,9,700,,
01:11:45,275.52036,,,5,drone25,58,143,9,705,,
01:11:50,275.6136,,,6,drone25,61,143,9,710,,
01:11:55,275.48492,,,5,drone25,65,143,9,715,,
01:12:00,275.3915,,,6,drone25,69,143,9,720,,
01:12:05,275.54626,,,5,drone25,72,143,9,725,,
01:12:10,275.30222,,,5,drone25,74,143,9,730,,
01:12:15,274.97644,,,6,drone25,74,144,9,735,,
01:12:20,274.99667,,,5,drone25,74,148,9,740,,
01:12:25,275.0097,,,5,drone25,74,151,9,745,,
01:12:30,274.97632,,,4,drone25,73,151,9,750,,
01:12:35,274.96677,,,6,drone25,71,151,9,755,,
01:12:40,274.99127,,,5,drone25,67,151,9,760,,
01:12:45,275.01987,,,5,drone25,64,151,9,765,,
01:12:50,275.03024,,,5,drone25,60,151,9,770,,
01:12:55,275.0224,,,5,drone25,56,151,9,775,,
01:13:00,275.00604,,,5,drone25,52,151,9,780,,
01:13:05,274.98947,,,6,drone25,49,151,9,785,,
01:13:10,274.98978,,,5,drone25,45,151,9,790,,
01:13:15,274.99185,,,6,drone25,41,151,9,795,,
01:13:20,274.9699,,,5,drone25,38,151,9,800,,
01:13:25,274.94205,,,5,drone25,36,151,9,805,,
01:13:30,274.93423,,,6,drone25,36,153,9,810,,
01:13:35,274.94897,,,5,drone25,36,156,9,815,,
01:13:40,274.9581,,,5,drone25,36,159,9,820,,
01:13:45,274.9509,,,5,drone25,37,159,9,825,,
01:13:50,274.93628,,,5,drone25,40,159,9,830,,
01:13:55,274.92297,,,5,drone25,43,159,9,835,,
01:14:00,274.91754,,,5,drone25,47,159,9,840,,
01:14:05,274.93854,,,5,drone25,51,159,9,845,,
01:14:10,274.98633,,,5,drone25,55,159,9,850,,
01:14:15,275.02338,,,4,drone25,58,159,9,855,,
01:14:20,275.025,,,5,drone25,62,159,9,860,,
01:14:25,274.99796,,,5,drone25,66,159,9,865,,
01:14:30,274.97095,,,5,drone25,69,159,9,870,,
01:14:35,274.98297,,,5,drone25,73,159,9,875,,
01:14:40,275.0891,,,6,drone25,74,159,9,880,,
01:14:45,275.17523,,,5,drone25,74,161,9,885,,
01:14:50,275.12872,,,5,drone25,74,165,9,890,,
01:14:55,275.05923,,,5,drone25,74,167,9,895,,
01:15:00,275.00748,,,5,drone25,73,167,9,900,,
01:15:05,274.96988,,,4,drone25,70,167,9,905,,
01:15:10,274.98206,,,5,drone25,66,167,9,910,,
01:15:15,275.01163,,,5,drone25,62,167,9,915,,
01:15:20,275.01447,,,5,drone25,59,167,9,920,,
01:15:25,275.0629,,,5,drone25,55,167,9,925,,
01:15:30,275.049,,,5,drone25,51,167,9,930,,
01:15:35,274.94016,,,5,drone25,47,167,9,935,,
01:15:40,274.88287,,,5,drone25,44,167,9,940,,
01:15:45,274.93234,,,5,drone25,40,167,9,945,,
01:15:50,275.0092,,,5,drone25,37,167,9,950,,
01:15:55,275.0461,,,5,drone25,36,167,9,955,,
01:16:00,275.14716,,,5,drone25,38,166,8,960,,
01:16:05,275.40247,,,5,drone25,41,164,7,965,,
01:16:10,275.57147,,,5,drone25,43,162,6,970,,
01:16:15,275.56488,,,5,drone25,46,161,6,975,,
01:16:20,275.35785,,,5,drone25,49,159,5,980,,
01:16:25,275.02054,,,5,drone25,52,157,4,985,,
01:16:30,274.94647,,,5,drone25,54,156,4,990,,
01:16:35,275.00385,,,5,drone25,54,156,4,995,,
01:16:40,275.0673,,,5,drone25,54,156,4,1000,,
01:16:45,275.14307,,,4,drone25,54,156,4,1005,,
01:16:50,275.08905,,,5,drone25,54,156,4,1010,,
01:16:55,275.02896,,,5,drone25,54,156,4,1015,,
01:17:00,274.99286,,,5,drone25,54,156,4,1020,,
01:17:05,274.9406,,,4,drone25,54,156,4,1025,,
01:17:10,274.93738,,,5,drone25,54,156,4,1030,,
01:17:15,274.99133,,,5,drone25,54,156,4,1035,,
01:17:20,275.05075,,,5,drone25,54,156,4,1040,,
01:17:25,275.0697,,,5,drone25,54,156,4,1045,,
01:17:30,275.0239,,,5,drone25,54,156,4,1050,,
01:17:35,274.98843,,,5,drone25,54,156,4,1055,,
01:17:40,275.07806,,,5,drone25,54,156,4,1060,,
01:17:45,275.23895,,,5,drone25,54,156,4,1065,,
01:17:50,275.21423,,,5,drone25,54,156,4,1070,,
01:17:55,275.04822,,,4,drone25,54,156,4,1075,,
01:18:00,274.94318,,,5,drone25,54,156,4,1080,,
01:18:05,274.88348,,,5,drone25,54,156,4,1085,,
01:18:10,274.8979,,,5,drone25,54,156,4,1090,,
01:18:15,274.9564,,,4,drone25,54,156,4,1095,,
01:18:20,275.0062,,,5,drone25,54,156,4,1100,,
01:18:25,275.0943,,,5,drone25,54,156,4,1105,,
01:18:30,275.26868,,,5,drone25,54,156,4,1110,,
01:18:35,275.33282,,,5,drone25,54,156,4,1115,,
01:18:40,275.31085,,,5,drone25,54,156,4,1120,,
01:18:45,275.39532,,,5,drone25,54,156,4,1125,,
01:18:50,275.36856,,,5,drone25,54,156,4,1130,,
01:18:55,275.07553,,,5,drone25,54,156,4,1135,,
01:19:00,274.85257,,,5,drone25,54,156,4,1140,,
01:19:05,274.84732,,,5,drone25,54,156,4,1145,,
01:19:10,274.86288,,,5,drone25,54,156,4,1150,,
01:19:15,274.87802,,,5,drone25,54,156,4,1155,,
01:19:20,274.89435,,,5,drone25,54,156,4,1160,,
01:19:25,274.8968,,,5,drone25,54,156,4,1165,,
01:19:30,274.90375,,,5,drone25,54,156,4,1170,,
01:19:35,274.9346,,,5,drone25,54,156,4,1175,,
01:19:40,274.97382,,,4,drone25,54,156,5,1180,,
01:19:45,275.0029,,,5,drone25,54,156,5,1185,,
01:19:50,275.01312,,,4,drone25,54,156,5,1190,,
01:19:55,275.01602,,,5,drone25,54,156,5,1195,,
01:20:00,275.0227,,,5,drone25,54,156,5,1200,,
01:20:05,275.03815,,,5,drone25,54,156,5,1205,,
01:20:10,275.0681,,,4,drone25,54,156,5,1210,,
01:20:15,275.12167,,,6,drone25,54,156,5,1215,,
01:20:20,275.1967,,,5,drone25,54,156,5,1220,,
01:20:25,275.33786,,,5,drone25,54,156,5,1225,,
01:20:30,275.55853,,,5,drone25,54,156,5,1230,,
01:20:35,275.4815,,,6,drone25,54,156,5,1235,,
01:20:40,275.02338,,,5,drone25,54,156,5,1240,,
01:20:45,274.94034,,,5,drone25,54,156,5,1245,,
01:20:50,274.9637,,,5,drone25,54,156,5,1250,,
01:20:55,274.92017,,,5,drone25,54,156,5,1255,,
01:21:00,274.91016,,,5,drone25,54,156,5,1260,,
01:21:05,274.89642,,,5,drone25,54,156,5,1265,,
01:21:10,274.8663,,,5,drone25,54,156,5,1270,,
01:21:15,274.82495,,,5,drone25,54,156,5,1275,,
01:21:20,274.81668,,,5,drone25,54,156,5,1280,,
01:21:25,274.8432,,,5,drone25,54,156,5,1285,,
01:21:30,274.89313,,,5,drone25,54,156,5,1290,,
01:21:35,274.97427,,,5,drone25,54,156,5,1295,,
01:21:40,275.04987,,,5,drone25,54,156,5,1300,,
01:21:45,275.13898,,,4,drone25,54,156,5,1305,,
01:21:50,275.2569,,,5,drone25,54,156,5,1310,,
01:21:55,275.37476,,,5,drone25,54,156,5,1315,,
01:22:00,275.3639,,,5,drone25,54,156,5,1320,,
01:22:05,275.14584,,,5,drone25,54,156,5,1325,,
01:22:10,274.96597,,,5,drone25,54,156,5,1330,,
01:22:15,275.03372,,,5,drone25,54,156,5,1335,,
01:22:20,275.27747,,,4,drone25,54,156,5,1340,,
01:22:25,275.24503,,,5,drone25,54,156,5,1345,,
01:22:30,274.9825,,,4,drone25,54,156,5,1350,,
01:22:35,274.89536,,,5,drone25,54,156,5,1355,,
01:22:40,274.86237,,,4,drone25,54,156,5,1360,,
01:22:45,274.86972,,,5,drone25,54,156,5,1365,,
01:22:50,274.8645,,,4,drone25,54,156,5,1370,,
01:22:55,274.8637,,,5,drone25,54,156,6,1375,,
01:23:00,274.88113,,,4,drone25,54,156,7,1380,,
01:23:05,274.9148,,,5,drone25,54,156,8,1385,,
01:23:10,274.94818,,,4,drone25,54,156,8,1390,,
01:23:15,274.94864,,,5,drone25,54,156,9,1395,,
01:23:20,275.03394,,,5,drone25,54,156,9,1400,,
01:23:25,275.23566,,,5,drone25,54,156,9,1405,,
01:23:30,275.20767,,,4,drone25,54,156,9,1410,,
01:23:35,275.2597,,,5,drone25,54,156,9,1415,,
01:23:40,275.44785,,,5,drone25,54,156,9,1420,,
01:23:45,275.48917,,,5,drone25,54,156,9,1425,,
01:23:50,275.3615,,,5,drone25,54,156,9,1430,,
01:23:55,275.24817,,,4,drone25,54,156,9,1435,,
01:24:00,275.20993,,,5,drone25,54,156,9,1440,,
01:24:05,275.28622,,,5,drone25,54,156,9,1445,,
01:24:10,275.36243,,,5,drone25,54,156,9,1450,,
01:24:15,275.33136,,,4,drone25,54,156,9,1455,,
01:24:20,275.29,,,5,drone25,54,156,9,1460,,
01:24:25,275.26624,,,5,drone25,54,156,9,1465,,
01:24:30,275.2641,,,5,drone25,54,156,9,1470,,
01:24:35,275.2649,,,5,drone25,54,156,9,1475,,
01:24:40,275.2713,,,5,drone25,54,156,9,1480,,
01:24:45,275.3022,,,4,drone25,54,156,9,1485,,
01:24:50,275.34317,,,5,drone25,54,156,9,1490,,
01:24:55,275.35544,,,5,drone25,54,156,9,1495,,
01:25:00,275.29303,,,5,drone25,54,156,9,1500,,
